name,tier,website_url,logo_url,description,social_links,event,event_year,source_url
Antalpha,Title,https://www.antalpha.com,https://cdn.prod.website-files.com/687f979126432c8ce843e6d7/69175e995fb1c8f117c90ed0_logo_v_color-3x.webp,"Antalpha (NASDAQ: ANTA) is a leading fintech company specializing in providing financing, technology and risk management solutions to institutions in the digital asset industry. Antalpha offers Bitcoin supply chain and pledge loans through the Antalpha Prime technology platform, which allows customers to originate and manage their digital assets loans, as well as monitor collateral positions with near real-time data.",,Bitcoin MENA,2025,https://mena.b.tc/sponsor
BITMAIN,Moon,https://www.bitmain.com/,https://cdn.prod.website-files.com/687f979126432c8ce843e6d7/68e7e27d3a235342f9ddab71_bitmain-reclQwVoqWj89ELLw.webp,"Established in 2013, BITMAIN is the world's leading manufacturer of cryptocurrency mining servers.The company's ANTMINER product has long maintained a leading position within the industry in terms of technical strength and market status. With cutting-edge technology in energy efficiency, the company offers advanced computational infrastructure and solutions to the global blockchain network.",https://twitter.com/BITMAINtech; https://www.linkedin.com/company/bitmain/; https://www.facebook.com/Bitmain; https://t.me/bitmain,Bitcoin MENA,2025,https://mena.b.tc/sponsor
Crypto.com,Moon,https://crypto.com/en/index.html,https://cdn.prod.website-files.com/687f979126432c8ce843e6d7/68e830eb0d143aa1d7006b98_crypto-com-reciAqxgD89YeZOvP.png,"Founded in 2016, Crypto.com is trusted by more than 150 million users worldwide and is the industry leader in regulatory compliance, security and privacy. Our vision is simple: Cryptocurrency in Every Wallet™. Crypto.com is committed to accelerating the adoption of cryptocurrency through innovation.Crypto.com is now building the most comprehensive financial technology destination - with products and services ranging from crypto, to equities, to cards and more. It has created one of the first digital commerce ecosystems, integrating payments, trading, and financial services.Today, Crypto.com stands as the world's leading cryptocurrency platform for licenses, registrations, and security certifications, and is the most recognized brand in crypto, with thrilling, never-been-done before partnerships and activations.Learn more at https://crypto.com.",https://twitter.com/cryptocom; https://www.linkedin.com/company/cryptocom/; https://www.facebook.com/CryptoComOfficial,Bitcoin MENA,2025,https://mena.b.tc/sponsor
Exodus,Moon,https://www.exodus.com/,https://cdn.prod.website-files.com/687f979126432c8ce843e6d7/68e7e27d3a235342f9ddab68_exodus-rec5Hn48UdVBRaeWM_EQpXgbQuJ.webp,"Exodus empowers individuals to take control of their lives in a digital world with secure, user-friendly crypto software. Since 2015, Exodus has made digital assets accessible through self-custodial wallets that put users in full control of their funds, enabling seamless swaps, buys, and sells. For businesses, Exodus offers Passkeys Wallet and XO Swap, leading solutions for embedded crypto wallets and swap aggregation. Committed to accessible and secure finance, Exodus is shaping the future of digital ownership.",http://www.x.com/exodus; https://www.linkedin.com/company/exodus-io/,Bitcoin MENA,2025,https://mena.b.tc/sponsor
Metaplanet,Moon,https://metaplanet.jp/,https://cdn.prod.website-files.com/687f979126432c8ce843e6d7/6985da4b765e2c4d17c3fe01_circle-logo-black-on-orange.webp,"Metaplanet Inc. (TSE Standard 3350) is a publicly traded Bitcoin Treasury Company listed on the Tokyo Stock Exchange, pioneering the adoption of Bitcoin as a corporate treasury reserve asset in Japan. Metaplanet aims to enhance shareholder value through ongoing Bitcoin accumulation.",https://x.com/Metaplanet_JP; https://www.linkedin.com/company/metaplanet-inc,Bitcoin MENA,2025,https://mena.b.tc/sponsor
Mining Grid,Moon,https://miningrid.com/,https://cdn.prod.website-files.com/687f979126432c8ce843e6d7/68e7e29ffb2d67aa36969162_mining-grid-reczuzH3B894XCNyT.webp,"Mining Grid is dedicated to providing solutions designed to simplify and scale mining efforts for the Bitcoin enthusiast. Our flagship platform, Mining Race is a user-friendly mobile application that offers an innovative, community-driven approach to BTC mining. Focused on speed and simplicity, Mining Race aims to bring Bitcoin mining to users worldwide, helping them achieve high-performance results seamlessly.​Youtube",https://www.linkedin.com/company/mining-grid; https://t.me/miningrace,Bitcoin MENA,2025,https://mena.b.tc/sponsor
Treasury,Moon,https://www.treasury-btc.com/,https://cdn.prod.website-files.com/687f979126432c8ce843e6d7/690a10b7cb0d4a9cf44f64a6_treasury_logo.webp,"Treasury is Europe’s pioneering euro-denominated Bitcoin treasury company, bridging traditional finance with the future of digital capital. With Bitcoin as the catalyst and benchmark of digital gold, we provide a transparent, liquid, and institutional-grade vehicle for Bitcoin structure.",https://x.com/Treasury_BTC; https://www.linkedin.com/company/treasurybtc,Bitcoin MENA,2025,https://mena.b.tc/sponsor
Nakamoto,3 Block,https://nakamoto.com/,https://cdn.prod.website-files.com/687f979126432c8ce843e6d7/6929aac7b66e0427a158d0bc_nakamoto-wordmark_green.webp,Nakamoto is a Bitcoin treasury and financial services company that aims to catalyze global Bitcoin adoption through capital markets. Nakamoto is designed to advance and sustain the long-term securitization of Bitcoin and its role as a global reserve asset.,https://x.com/nakamoto; https://www.linkedin.com/company/nakamotoholdings,Bitcoin MENA,2025,https://mena.b.tc/sponsor
Bitkey,2 Block,https://bitkey.world/,https://cdn.prod.website-files.com/687f979126432c8ce843e6d7/691f810b69aacc478e0222a4_6813cf8ce68bd25229bae58d_bitkey-20logo-20black-20-1-20-20william-20samme.webp,"Bitkey is the bitcoin self-custody wallet from Block, Inc. Its built-in multi-signature security and recovery system replaces the need for seed phrases — giving you full control of your bitcoin without the risks of relying on a single backup. Bitkey was created to make self-custody accessible and empower more people around the world to truly own their money. Learn more at bitkey.world.",https://x.com/BitkeyOfficial,Bitcoin MENA,2025,https://mena.b.tc/sponsor
Calamos,2 Block,https://www.calamos.com/,https://cdn.prod.website-files.com/687f979126432c8ce843e6d7/6920b9ce1430f4534f5e0a55_682b443047b9999cb156ce69_image001-20-1.webp,"Our history traces back to the challenging markets of the 1970s, when John P. Calamos, Sr. began his investment career using convertible securities to help clients build wealth and manage risk. The hallmarks of those early days—innovation, risk management and client focus—continue to define our organization today. Our investment solutions include alternative, equity, sustainable, multi-asset, fixed income and convertible strategies.We view our success and longevity as a reflection of our ability to meet the demands of investors through long-term performance, organic growth and strategic acquisition. Through that lens, we are honored that our assets under management have nearly doubled under the leadership of our President and Chief Executive Officer John Koudounis. Under his leadership, we have also expanded our presence in New York and Chicago, grown our wealth management capabilities, and established ourselves as a leading liquid alternatives provider, the third largest in the United States.Headquartered in Naperville, Illinois, Calamos Investments has offices in Chicago, New York, San Francisco, Milwaukee, Portland, and the Miami area.‍",,Bitcoin MENA,2025,https://mena.b.tc/sponsor
CoinW,2 Block,http://coinw.com,https://cdn.prod.website-files.com/687f979126432c8ce843e6d7/691c836960b5d9df1cdcdf2e_logo-2.webp,"CoinW stands as a pinnacle in the world of crypto trading platforms, where our unwavering commitment to security, transparency, and user-centric principles sets us apart. Powered by cutting-edge technology, boasting deep liquidity, and offering support for a diverse array of cryptocurrencies, we have cultivated a vast and dedicated user base, solidifying our position as one of the most secure exchanges globally.",https://x.com/CoinWOfficial; https://www.linkedin.com/company/coinwofficial; https://t.me/CoinWENOfficial,Bitcoin MENA,2025,https://mena.b.tc/sponsor
Core,2 Block,https://coredao.org,https://cdn.prod.website-files.com/687f979126432c8ce843e6d7/68e7e290606ad184dcd2717d_core-recTenyIkxV12WlW3.webp,"Core is Bitcoin’s first Proof of Stake (PoS) layer and the largest Bitcoin DeFi ecosystem, merging the unparalleled security of Bitcoin with the scalability of the Satoshi Plus consensus. Core’s Dual Staking empowers Bitcoin holders to earn secure and sustainable yields by staking both BTC and CORE, all while retaining full control of their assets. Over 5,000 BTC and 165M CORE have been staked on the Core blockchain, enhancing Bitcoin’s utility and security. Core is the most Bitcoin-aligned EVM blockchain with ~76% of Bitcoin mining hash power contributing to the network’s security. This breakthrough has amassed millions of Core adopters — over 39M unique addresses, 353M+ transactions, and over $800M TVL since its mainnet launch in January 2023.",https://twitter.com/Coredao_Org; https://www.linkedin.com/company/core-dao/,Bitcoin MENA,2025,https://mena.b.tc/sponsor
Crypto Miners,2 Block,http://www.cryptominers.ae/,https://cdn.prod.website-files.com/687f979126432c8ce843e6d7/6929af49d85875223b2264ea_image.webp,"CryptoMiners specializes in miners hosting, hydro mining solutions and containers local manufacturing, colocation facilities and data centre setups for government and B2B partners, repair & maintenance services and blockchain projects. Having recognition on B2G levels and 8 physical stores and office across the globe, Visioning our future plans of eco-friendly solutions and energy efficiency through our worldwide R&D teams, we are expanding our services including sustainable PPE projects, data storage entity and one stop solution for all your crypto investment needs with trust and reliabilityInstagramTikTok",https://x.com/cryptominersgcc; https://www.linkedin.com/company/82189887/; https://www.facebook.com/CryptoMinersAE; https://t.me/cryptominersGlobal,Bitcoin MENA,2025,https://mena.b.tc/sponsor
EToro,2 Block,https://www.etoro.com/en-us/,https://cdn.prod.website-files.com/687f979126432c8ce843e6d7/68e7e290606ad184dcd27180_etoro-logo.webp,"For more than a decade, eToro has been a leader in the global Fintech revolution. It is the world’s leading social trading network, with millions of registered users and an array of innovative trading and investment tools.",https://twitter.com/eToro?ref_src=twsrc%5Egoogle%7Ctwcamp%5Eserp%7Ctwgr%5Eauthor; https://www.linkedin.com/company/etoro/; https://www.facebook.com/eToro,Bitcoin MENA,2025,https://mena.b.tc/sponsor
MicroBT,2 Block,http://www.whatsminer.com,https://cdn.prod.website-files.com/687f979126432c8ce843e6d7/6930dbffec6f98d8ebe9d9be_micro-bt.webp,"MicroBT is a technology company based on blockchain, focusing on the R&D, production and sales of integrated circuit chips and products, and provides high-performance computing system solutions and technical service. WhatsMiner is a leading brand of mining hardware and chip design developed by MicroBT. As one of the most efficient and cost-effective mining brands on the market, WhatsMiner is widely used in retail and institutional mining by customers around the world.Learn more on our YouTube channel: https://www.youtube.com/c/WhatsMiner",http://twitter.com/Whatsminer_MBT; https://www.linkedin.com/company/whatsminer/; http://www.facebook.com/WhatsMiner; https://t.me/whatsminercommunity,Bitcoin MENA,2025,https://mena.b.tc/sponsor
SALT Lending,2 Block,https://saltlending.com/?utm_source=website&amp;utm_medium=BTCAsia&amp;utm_campaign=BTCAsia-weblink-aug-2025&amp;utm_id=BTCAsia-weblink-aug-2025&amp;utm_content=BTCAsia-weblink-aug-2025,https://cdn.prod.website-files.com/687f979126432c8ce843e6d7/68e7e29ffb2d67aa3696915f_689f9bbea453c3d914c297c2_salt-20logo-20dark.webp,"SALT Lending, changing the way you HODL since 2016, provides treasury management and liquidity services without requiring the sale of your bitcoin. Our crypto-backed services enable major purchases, boost your spending power, and expand business opportunities.SALT’s secure, user-friendly platform makes cryptocurrency practical for everyday use. BORROW to access liquidity. LEND to earn yield. SALT allows you to power your infinite potential by rethinking how you HODL.",https://x.com/SALTLending?utm_source=x-twitter&amp;utm_medium=btc-2024&amp;utm_campaign=btc24-sponsor-profile-xI;m; https://www.linkedin.com/company/saltlending/?utm_source=linkedin&amp;utm_medium=btc-2024&amp;utm_campaign=btc24-sponsor-profile-li,Bitcoin MENA,2025,https://mena.b.tc/sponsor
The Blockchain Center Abu Dhabi,2 Block,https://theblockchaincenter.ae/,https://cdn.prod.website-files.com/687f979126432c8ce843e6d7/69247eadd03a959abdddf0fe_6751c108c3fc1077bb79597b_tbcad-darktext-dana-abusalem-_2_.webp,"The Blockchain Center in Abu Dhabi is the leading hub for innovation, education, and collaboration. It drives blockchain adoption through strategic partnerships, venture funding, and cutting-edge research. The Blockchain Center supports startups, enterprises, and regulators in building a global Web3 ecosystem, solidifying it’s global position as a leader in blockchain and emerging technologies.",https://x.com/adbc_ae,Bitcoin MENA,2025,https://mena.b.tc/sponsor
Uminers,2 Block,https://uminers.com/,https://cdn.prod.website-files.com/687f979126432c8ce843e6d7/68e7e290606ad184dcd27183_uminers-logo.webp,"Uminers is a global provider of Bitcoin mining solutions, serving over 7,000 clients with high-performance ASIC hardware, hosting, and logistics. The company delivers more than 5,000 miners monthly and operates a large-scale, hydro-powered data center in Ethiopia. Its new 175 MW facility will support both blockchain and AI workloads, aligning with Uminers’ strategy to future-proof its infrastructure. Headquartered in Hong Kong with 14+ years of experience, Uminers delivers trusted, turnkey services to the Bitcoin mining community.",https://x.com/uminersofficial; https://www.linkedin.com/company/uminers; https://www.facebook.com/uminers; https://t.me/uminerschain,Bitcoin MENA,2025,https://mena.b.tc/sponsor
ALPS,1 Block,https://www.alpsblockchain.com/,https://cdn.prod.website-files.com/687f979126432c8ce843e6d7/69272352fa7cecbcb3e42b56_alps-logo-updated.webp,"Alps is a global infrastructure company that designs, builds, and operates next-generation data centers for Bitcoin mining and high-performance computing, combining technological excellence with energy innovation.",https://x.com/alpsblockchain; https://www.linkedin.com/company/alps-blockchain-spa/,Bitcoin MENA,2025,https://mena.b.tc/sponsor
Amana,1 Block,https://www.amana.app,https://cdn.prod.website-files.com/687f979126432c8ce843e6d7/6984c264cee0573303fa43c6_images-1.webp,"amana is a leading MENA neo-broker, established in 2010 and headquartered in Dubai. Serving a thriving community of over 350,000 users, amana empowers traders and investors with an all-in-one, commission-free trading app that provides access to 6,800+ global and regional assets — including 375+ crypto coins, stocks, forex, indices, commodities, ETFs, metals, and more. With a relentless focus on transparency, education, and inclusivity, amana is redefining access to financial markets in the region.",https://x.com/chooseamana; https://www.linkedin.com/company/chooseamana; https://www.facebook.com/chooseamana; https://t.me/chooseamana,Bitcoin MENA,2025,https://mena.b.tc/sponsor
Auradine,1 Block,http://www.Auradine.com,https://cdn.prod.website-files.com/687f979126432c8ce843e6d7/68e7e27d3a235342f9ddab5c_auradine-recEZ1vlvtiC5Q6cs.webp,"Auradine is working on breakthrough scalability, sustainability, and security for the future of internet infrastructure, enabled by revolutionary blockchain, generative AI, and zero-knowledge technologies. We develop complete solutions, including software, silicon systems, and offer our customers both system-level and cloud solutions.",,Bitcoin MENA,2025,https://mena.b.tc/sponsor
"Battery Finance, Inc.",1 Block,https://www.batteryfinance.io/,https://cdn.prod.website-files.com/687f979126432c8ce843e6d7/68e7e29ffb2d67aa3696915c_battery-finance-logo.webp,"Battery Finance, an affiliate of Newmarket Capital, is dedicated to the development and management of value-added institutional investment strategies built on and around bitcoin. Battery harnesses the energy of bitcoin and blends it with real-world assets to power novel financing solutions.",https://www.linkedin.com/company/battery-finance/,Bitcoin MENA,2025,https://mena.b.tc/sponsor
Bitcoin Art Society,1 Block,https://bitcoinartsociety.com/,https://cdn.prod.website-files.com/687f979126432c8ce843e6d7/692a098aa931d40c26f42a6c_bitcoin-art-society.webp,"Bitcoin Art Society is a curator-led initiative dedicated to elevating Bitcoin‑native art and culture. We bring together artists, collectors, and institutions to create, exhibit, and preserve work whose provenance and story live on Bitcoin.Our mission is to highlight meaningful art, support creators, and make collecting on Bitcoin accessible and rewarding for a global audience. We believe in long‑term cultural value: careful curation, respectful presentation, and archival permanence.Instagram Link",https://x.com/BtcArtSociety,Bitcoin MENA,2025,https://mena.b.tc/sponsor
Bitcoin.com,1 Block,https://Bitcoin.com,https://cdn.prod.website-files.com/687f979126432c8ce843e6d7/6924c342012211c8981c2b28_desktop-logo-1.webp,"The World’s Gateway to Bitcoin and BeyondSince 2015, Bitcoin.com has been a global leader in introducing newcomers to Bitcoin, cryptocurrency, and decentralized finance. Our mission is to lead in self-custody cryptocurrency products and services while offering trusted media that educates and empowers. We provide secure, user-friendly tools and insightful content to drive financial independence and shape the future of decentralized finance.",https://x.com/BitcoinCom; https://www.linkedin.com/company/bitcoin.com/; https://t.me/GetVerse/1/,Bitcoin MENA,2025,https://mena.b.tc/sponsor
BitFuFu,1 Block,https://www.bitfufu.com,https://cdn.prod.website-files.com/687f979126432c8ce843e6d7/690cf243e3b9ef552594ff14_680ff9d1e8714e8007387b37_1200x628.webp,"BitFuFu Inc. (Nasdaq: FUFU) is a world-leading Bitcoin miner and mining services innovator. BitFuFu is committed to empowering the global Bitcoin network through its industry-leading cloud mining platform, rapidly scaling infrastructure, and innovative mining services.‍",https://x.com/bitfufuofficial?lang=en; https://www.linkedin.com/company/bitfufu/; https://www.facebook.com/BitFuFuPlatform/,Bitcoin MENA,2025,https://mena.b.tc/sponsor
Bitfunded,1 Block,https://www.bitfunded.com,https://cdn.prod.website-files.com/687f979126432c8ce843e6d7/691b46e7894cafd50849bfe1_bitfunded.webp,Bitfunded is the easiest place to get a funded account in crypto. Prove your skills in a simulated challenge and trade with up to 150K USDT.,https://x.com/bitfunded?lang=en; https://www.linkedin.com/company/bitfundedoficial/,Bitcoin MENA,2025,https://mena.b.tc/sponsor
Bitkern Group,1 Block,https://www.bitkern.com/en?utm_source=mena.b.tc&amp;utm_medium=referral&amp;utm_campaign=sponsor,https://cdn.prod.website-files.com/687f979126432c8ce843e6d7/691b5da82b2d32e819ce22ee_bitkern_logo_final_4c_1200x542.webp,"Bitkern has been serving Bitcoin miners since 2017, providing Swiss-quality hosting with 85,000+ ASICs online across 18+ global locations. We bring miners online within 24 hours — fast, reliable, and optimized for maximum performance.",http://www.linkedin.com/company/bitkerngroup; http://www.t.me/bitkernofficial,Bitcoin MENA,2025,https://mena.b.tc/sponsor
Bitlayer,1 Block,http://www.bitlayer.org,https://cdn.prod.website-files.com/687f979126432c8ce843e6d7/68f27e82da3e6e658b7b5a3e_65fdb618c00085f5f91bd79a_bitlayer-20png.webp,"Bitlayer is pioneering the first BitVM implementation. By merging unparalleled security with a lightning-fast smart contract engine, Bitlayer unlocks the full potential of Bitcoin DeFi.Built on Bitcoin’s native security architecture, Bitlayer is constructing a trust-minimized BitVM Bridge, a yield-bearing asset YBTC and a high-throughput Bitcoin Rollup — bringing true utility, speed, and composability to Bitcoin, and establishing a complete DeFi infrastructure for the Bitcoin ecosystem.",https://x.com/BitLayerLabs; https://www.linkedin.com/company/bitlayerlabs/; https://t.me/bitlayerofficial; https://github.com/bitlayer-org,Bitcoin MENA,2025,https://mena.b.tc/sponsor
Bitwadi,1 Block,https://bitwadi.com/,https://cdn.prod.website-files.com/687f979126432c8ce843e6d7/68e91e218fefa18442e13342_ezgif-1402cd0686f350.webp,"Bitwadi is the Middle East’s first Bitcoin-only platform, built to make buying, saving, and investing in Bitcoin simple, secure, and fully local. Founded in Saudi Arabia, Bitwadi bridges the gap between traditional finance and Bitcoin with transparent pricing, compliant infrastructure, and Arabic-first support. Our mission is to give individuals across the region a trusted and sovereign way to participate in the Bitcoin economy. Bitwadi is proudly independent, Bitcoin-only, and built for the long term.",https://x.com/bitwadi; https://www.linkedin.com/company/bitwadi,Bitcoin MENA,2025,https://mena.b.tc/sponsor
BiXBiT,1 Block,https://bixbit.io/en,https://cdn.prod.website-files.com/687f979126432c8ce843e6d7/6926272c675cbeda81b681ec_bixbit_logo.webp,"BiXBiT company designs and manufactures immersion cooling systems for ASIC, GPU, FPGA, server hardware, and develops software solutions to maximize the efficiency and performance of mining devices.",https://twitter.com/Bixbit_USA; https://www.facebook.com/BiXBiTUSA; https://t.me/BiXBiT_SALES_BOT,Bitcoin MENA,2025,https://mena.b.tc/sponsor
BTCC,1 Block,https://www.btcc.com/,https://cdn.prod.website-files.com/687f979126432c8ce843e6d7/6930a7b5061030c74a67c7b3_1f938900-bc24-4099-a0d5-d5284cee8fac-ticket-hs_file_upload-btcc-logo-ai-ad0308.webp,"Founded in June 2011 during Bitcoin's early days, BTCC has grown to become the world's longest-serving cryptocurrency exchange. Through every market cycle, BTCC's unwavering commitment to security and reliability has earned the trust of millions of traders worldwide.",https://x.com/btccexchange?s=21&amp;t=miTeTwqPPkDqgWLDd2U9ZA; https://linkedin.com/company/yourbtcc; https://www.facebook.com/share/1ATWfXekM1/?mibextid=wwXIfr,Bitcoin MENA,2025,https://mena.b.tc/sponsor
ChainUp,1 Block,https://www.chainup.com/,https://cdn.prod.website-files.com/687f979126432c8ce843e6d7/6927474ba03756b1431ce518_full-color-vertical.webp,"​ChainUp, a leading global provider of digital asset solutions, empowers businesses to navigate the complexities of this evolving ecosystem. ​Serving a diverse clientele from Web3 companies to established financial institutions, ChainUp's comprehensive suite of solutions includes crypto exchange solutions, liquidity technology, white label MPC wallet, KYT crypto tracing analytics tool, asset tokenization, crypto asset management, and Web3 infrastructure such as mining, staking, and blockchain APIs. For more information, visit: https://www.chainup.com/ ​",https://x.com/ChainUPOfficial; https://www.linkedin.com/company/chainup-technology/; https://www.facebook.com/ChainUpTechnology/; https://t.me/ChainUpOfficial,Bitcoin MENA,2025,https://mena.b.tc/sponsor
CitizenX,1 Block,http://citizenx.com,https://cdn.prod.website-files.com/687f979126432c8ce843e6d7/68e93def3dc693b8df9c5129_e811a651-3867-44f4-bbd5-f9374121e698-ticket-hs_file_upload-logotype-standard-black.webp,"CitizenX is the world's first citizenship market. We help high-net-worth individuals and their families diversify their passport portfolio in Bitcoin-friendly jurisdictions, ensuring a safe future for you and your loved ones.‍",http://x.com/citizenx; http://linkedin.com/company/citizenx; http://www.facebook.com/citizenx,Bitcoin MENA,2025,https://mena.b.tc/sponsor
Coin Vigilante,1 Block,https://www.coinvigilante.com/,https://cdn.prod.website-files.com/687f979126432c8ce843e6d7/6924c840012211c898207d1a_images-1.webp,"Founded in 2021, the Coin Vigilante brand originated from the idea of creating high quality watches inspired by Bitcoin. Designed in the US, worn in over 30 countries - our goal is to craft unique timepieces that signify the importance of sound money for those who wear them - a movement that shows the world what we stand for. Our journey became a reality after launching a successful Kickstarter campaign where we raised 6 figures from backers across the world who believe in the movement.",https://x.com/coin_vigilante?lang=en,Bitcoin MENA,2025,https://mena.b.tc/sponsor
Compass Mining,1 Block,https://compassmining.io/,https://cdn.prod.website-files.com/687f979126432c8ce843e6d7/692dd56cf24f2f20816d32c6_compassmining_logo_stacked_blacktxt-1.webp,Compass is the world's first bitcoin mining marketplace which provides everyone the opportunity to mine bitcoin profitably. Our mission is to strengthen Bitcoin's network by democratizing hashrate and providing institutions and retail the ability and access to own bitcoin mining hardware and host it at the best facilities around the world.,https://twitter.com/compass_mining; https://linkedin.com/compassmining; https://t.me/compassmining,Bitcoin MENA,2025,https://mena.b.tc/sponsor
"EMCD Top-10 Mining Pool, Coinhold, P2P",1 Block,http://emcd.io,https://cdn.prod.website-files.com/687f979126432c8ce843e6d7/68e7e290606ad184dcd27171_emcd-top-10-mining-pool-coinhold-p2p-recJGgix6vvlpKp5o.webp,All things crypto in one app:• Buy and sell with 0% fee• Store and earn up to 14% APY• Mine with low 1.5% fee,https://x.com/emcd_io; https://www.linkedin.com/company/emcdtechltd; https://t.me/emcd_international,Bitcoin MENA,2025,https://mena.b.tc/sponsor
ERA Wallet,1 Block,https://era-wallet.com/,https://cdn.prod.website-files.com/687f979126432c8ce843e6d7/6926149bee2acb0b0bcc60d4_c6d369e3-6fbe-4769-b7c3-24caf87834b4-ticket-hs_file_upload-era_black.webp,"ERA Wallet is a Dubai-based startup that develops, manufactures, and sells a next-generation hardware crypto wallet. ERA is a fully air-gapped device designed for maximum security and ease of use. It gives users full control through transparent verification and offline signing. The device combines a durable IP67-rated body, advanced key-protection mechanisms, and a paperless NFC backup system, making self-custody intuitive and reliable.",https://x.com/era_wallet; https://linkedin.com/company/erahrdwlt; https://www.facebook.com/p/ERA-Wallet-61575603702201/; https://t.me/erawlt,Bitcoin MENA,2025,https://mena.b.tc/sponsor
Fooksum,1 Block,http://www.fooksum.com,https://cdn.prod.website-files.com/687f979126432c8ce843e6d7/6908cd41742a0b76f948c97d_fooksum.webp,"Fooksum is a global logistics provider specializing in the transportation and warehousing of cryptocurrency mining and high-performance computing equipment. With over 5 years of experience and more than 200,000 servers shipped worldwide, Fooksum offers reliable air, sea, and land freight solutions, along with secure storage in key markets including the U.S., Canada, Dubai, and Southeast Asia.",https://x.com/PebbleShi; http://linkedin.com/company/fooksum-usa,Bitcoin MENA,2025,https://mena.b.tc/sponsor
GDA,1 Block,https://genesisdigitalassets.com/,https://cdn.prod.website-files.com/687f979126432c8ce843e6d7/68e7e29ffb2d67aa36969159_gda-recUTmyFe39oXkaPX.webp,"GDA is one of the world’s largest and most experienced industrial-scale bitcoin mining companies, with a track record of building, managing, and scaling data centre operations spanning nearly a decade.We champion innovation, responsible energy use, and investment in the communities where we operate globally, including the 20 data centres across North America, South America, Europe, and Central Asia.With a total power capacity of over 600 MW, the company has brought over 180,000 miners online.At GDA, we are committed to supporting the infrastructure for the future of money by making the bitcoin network more robust, resilient, and secure.",,Bitcoin MENA,2025,https://mena.b.tc/sponsor
GOAT Network,1 Block,https://www.goat.network/,https://cdn.prod.website-files.com/687f979126432c8ce843e6d7/68e93e1678cbb870ab581a1f_goat-network-recxUwTgTF4apNFYF.webp,Bitcoin Native ZK Rollup with Sustainable BTC Yield,https://x.com/GOATRollup,Bitcoin MENA,2025,https://mena.b.tc/sponsor
HashHouse,1 Block,http://www.hashhouse.tech,https://cdn.prod.website-files.com/687f979126432c8ce843e6d7/68e7e27d3a235342f9ddab6b_hash-house-rec2lPKguoi7P1LxO.webp,"HashHouse is a leading provider of innovative solutions in the field of cryptocurrency mining and liquid cooling. With a focus on efficiency and performance, the company offers cutting-edge products and services to empower clients to maximize their mining capabilities. HashHouse is dedicated to pushing boundaries and revolutionizing the industry, empowering clients with turnkey solutions that embody the spirit of progress and excellence in the Bitcoin Mining space.",https://x.com/hashhousetech,Bitcoin MENA,2025,https://mena.b.tc/sponsor
Herald Exchange,1 Block,https://herald.exchange/,https://cdn.prod.website-files.com/687f979126432c8ce843e6d7/6925cc0c3a8f435c6c45771b_herald-logo.webp,"HeraldEX is an all-in-one crypto platform that lets users trade with ease, access essential services like OTC, on-ramp and off-ramp, and send money globally through, stable-coin remittance.",https://x.com/herald_exchange; https://www.linkedin.com/company/herald-exchange/; https://www.facebook.com/herald.exchange/; https://t.me/heraldexcrew,Bitcoin MENA,2025,https://mena.b.tc/sponsor
KAST,1 Block,https://www.kast.xyz/,https://cdn.prod.website-files.com/687f979126432c8ce843e6d7/68e7e290606ad184dcd2716b_kast-recozGJwF2IJhu0EK.webp,"KAST is an app to save, send, and spend stablecoins around the world. With its virtual and physical cards, you can spend money and earn points on every purchase. Bitcoin Card coming soon.",https://x.com/KASTcard; https://www.linkedin.com/company/kastofficial,Bitcoin MENA,2025,https://mena.b.tc/sponsor
KeychainX,1 Block,https://keychainx.io,https://cdn.prod.website-files.com/687f979126432c8ce843e6d7/69207a8c8802c0c5a126006e_keychainx.webp,"KeychainX recovers lost Bitcoin passwords and private keys from encrypted files, damaged hard drives or phones. Our recovery service has been helping recover Bitcoin since 2017 and is success based, no recovery - no fee. We support Electrum, Multibit, Bitcoin Core, Trezor devices, blockchain.com and many more software and hardware wallets.",https://x.com/KeychainX; http://t.me/KeychainX,Bitcoin MENA,2025,https://mena.b.tc/sponsor
Komainu,1 Block,https://www.komainu.com/,https://cdn.prod.website-files.com/687f979126432c8ce843e6d7/6903e7530c9bf2562d6bb480_komainu_stacked_logo_rgb.webp,"Komainu is the institutional gateway for digital assets, headquartered in Jersey, with offices in London, Dubai, and Singapore. Offering bank-grade infrastructure for institutional investors, Komainu provides seamless, connected and secure services with multi-jurisdictional regulatory oversight, merging expertise from traditional financial services with leading security standards for the next generation of institutional digital asset custody, servicing & financing solutions.",https://twitter.com/komainucustody; https://www.linkedin.com/company/komainu-the-institutional-gateway-for-digital-assets,Bitcoin MENA,2025,https://mena.b.tc/sponsor
Laser Digital,1 Block,https://www.laserdigital.com/,https://cdn.prod.website-files.com/687f979126432c8ce843e6d7/690cb451e5167ea141d59210_cee4d170-3344-49d7-95b8-c8e591773a92-ticket-hs_file_upload-ld_main-logo_digital.webp,"Laser Digital is a full-spectrum digital finance company, powering institutional participation in the on-chain economy. As a regulated and trusted counterparty, we enable institutions, miners, treasuries, and whales holding the world’s most popular cryptocurrency – Bitcoin, to capitalise on existing and emerging opportunities. Our services include yield-bearing BTC asset management fund, tailored OTC spot & derivatives trading and structured treasury management. BTC holders benefit from our global connectivity across key markets, as well as our network of trusted counterparties from staking to custody, and team of highly experienced professionals (ex-Barclays, Nomura, Brevan Howard, B2C2, Bluecrest, GSR).",https://x.com/LaserDigital_; https://www.linkedin.com/company/laserdigital/,Bitcoin MENA,2025,https://mena.b.tc/sponsor
Listing.Help,1 Block,https://listing.help/,https://cdn.prod.website-files.com/687f979126432c8ce843e6d7/68e7e290606ad184dcd27177_listing-help-logo.webp,"Listing.help is one of the first agencies on the market, providing listing services on crypto exchanges. Since 2017, Listing.Help assisted over 2,000 projects with listings on more than 100 exchanges. Among the clients of the company are Tether EUR, Tether Gold, TON Coin, Shiba, Metal, SYLO, and others.",https://x.com/ListingHelp_UK; https://www.linkedin.com/company/listing-help/,Bitcoin MENA,2025,https://mena.b.tc/sponsor
LMAX Digital,1 Block,https://www.lmaxdigital.com/overview/,https://cdn.prod.website-files.com/687f979126432c8ce843e6d7/68e7e29ffb2d67aa3696916b_lmax-digital-logo.webp,"LMAX Digital is the institutional crypto currency exchange, operated by LMAX Group.Leveraging LMAX Group proven, robust technology and liquidity relationships, LMAX Digital delivers a market-leading solution for physical trading and custodial services for the most liquid crypto currencies – such as BTC (Bitcoin).Delivering trust, reliability and deep institutional liquidity, LMAX Digital ensures complete transparency, open access and a level playing field for all institutional crypto currency market participants – within a secure trading environment.LMAX Digital is regulated by the Gibraltar Financial Services Commission (GFSC) as a DLT provider for execution and custody services.",https://x.com/LMAX; https://www.linkedin.com/company/lmax-group/,Bitcoin MENA,2025,https://mena.b.tc/sponsor
MEXC,1 Block,http://www.mexc.com,https://cdn.prod.website-files.com/687f979126432c8ce843e6d7/68e7e29ffb2d67aa36969168_mexc-recXTwVJuR7RDOQ5G.webp,Your Easiest Way to Crypto!,https://x.com/MEXC_Official,Bitcoin MENA,2025,https://mena.b.tc/sponsor
MillionMiner,1 Block,https://www.millionminer.com/,https://cdn.prod.website-files.com/687f979126432c8ce843e6d7/690b4d01efacde390b387498_whatsapp-image-2025-11-05-at-02-38-16.webp,"MillionMiner is the leading provider of professional mining hardware in Europe. With strong partnerships with industry leaders such as NiceHash, VoskCoin, EMCD and many more, MillionMiner not only offers first-class ASIC miners, but also exclusive access to events, mining pools and hosting services worldwide. Whether you are new to mining or a professional, we combine state-of-the-art technology with reliable support, fair prices and an international network for sustainable mining success.",https://x.com/millionminercom?s=21; https://www.linkedin.com/company/millionminer/; https://t.me/millionminer,Bitcoin MENA,2025,https://mena.b.tc/sponsor
MOONWALK SYSTEMS,1 Block,https://www.moonwalk.systems,https://cdn.prod.website-files.com/687f979126432c8ce843e6d7/691f8fe36705c28e7c0c5697_672e1b76dfad25eaff1e9cbf_social-20media_instagram-20copy.webp,"MOONWALK SYSTEMS was founded as a stepping stone for driving innovation in the blockchain industry within the region. Our ambitious plan to propel the advancement of the blockchain technology and data centers development started in 2020 at the heart of the region's crypto hub - Dubai. Since then, we have expanded our presence globally with strategically located offices worldwide.Our ground-breaking approach to providing turnkey blockchain solutions makes us the go-to destination for entrepreneurs and businesses. In addition, our hosting facilities offer comprehensive solutions for blockchain related-hardware owners, with cutting-edge cooling and security systems, so you can rest assured that you are getting the most out of your investment!",,Bitcoin MENA,2025,https://mena.b.tc/sponsor
Munich International Mining LLC,1 Block,https://mim.farm/,https://cdn.prod.website-files.com/687f979126432c8ce843e6d7/68e7e27d3a235342f9ddab77_munich-international-mining-llc-rectfuNwCPxuSIiLM.webp,GREEN and EASY Bitcoin Mining. We make Mining accessible for everyone.,https://twitter.com/MiningMunich,Bitcoin MENA,2025,https://mena.b.tc/sponsor
MZUN GLOBAL,1 Block,https://mzun.ae/,https://cdn.prod.website-files.com/687f979126432c8ce843e6d7/692717f1a67367226865ffa0_logo-transparent-2.webp,"Mzun Global is a diversified international investment and technology firm with a strategic focus on the digital asset ecosystem and advanced computing infrastructure. We provide integrated solutions across digital asset investment, high-performance computing platforms, and large-scale digital infrastructure operations. Supported by deep financial expertise, energy-efficient engineering, and scalable compute architecture, Mazoon Global empowers partners to participate in the future of digital finance with clarity and confidence. Our mission is to build transparent, reliable, and technologically advanced platforms that unlock long-term value in an increasingly digital global economy.",,Bitcoin MENA,2025,https://mena.b.tc/sponsor
N.exchange,1 Block,https://n.exchange/,https://cdn.prod.website-files.com/687f979126432c8ce843e6d7/6911e951c0e6400ce8002b56_a633a6a1-bdc3-448f-903d-7c3a934e43ec-ticket-hs_file_upload-n_exchange_logo_high_res-2.webp,"Integrate crypto trading into your platform with our high-performance, compliant API. Launch in days with enterprise-grade speed, security, and reliability.",https://www.linkedin.com/company/n-exchange/,Bitcoin MENA,2025,https://mena.b.tc/sponsor
Nexa by Bitcoin Unlimited,1 Block,https://nexa.org/,https://cdn.prod.website-files.com/687f979126432c8ce843e6d7/68e7e29ffb2d67aa36969165_nexa-logo-mark-text-dark.webp,"Bitcoin Unlimited (BU) is a blockchain development team, formed in 2015, driving onchain scalability solutions for the Bitcoin network. In 2017, the BU full node software achieved over 50% of hashpower. At that time, scaling layer-1 was not achieved, but nearly 10 years of optimization and parallelization of the original Satoshi UTXO architecture IS achieved.In 2022, BU launched Nexa, which incorporates all the above advancements, including adding native tokens, smart contracts and hardware acceleration for full nodes.BU's current important goal is enabling a wrapped BTC on the Nexa blockchain, transferable on and off the Bitcoin network.",https://x.com/NexaMoney; https://www.linkedin.com/company/nexablockchain; https://t.me/nexacoin,Bitcoin MENA,2025,https://mena.b.tc/sponsor
OCEAN,1 Block,https://ocean.xyz/,https://cdn.prod.website-files.com/687f979126432c8ce843e6d7/69207a66707099a087de897d_67453e5eaf95dc031ea9fff9_ocean.webp,"OCEAN is a transformative mining pool that brings decentralization and transparency back to mining. Miners get rewarded directly from the blockchain and can verify that they're getting what they should be getting. Furthermore, with the DATUM protocol, miners on OCEAN can design their own block templates having full control over the contents of their blocks.",https://x.com/ocean_mining; https://www.linkedin.com/company/ocean-mining/,Bitcoin MENA,2025,https://mena.b.tc/sponsor
OVEX,1 Block,https://ovex.com/en,https://cdn.prod.website-files.com/687f979126432c8ce843e6d7/6914864a0a19b83f891a1f76_da3140d2-4331-4f6c-978a-280f83db0e7a-ticket-hs_file_upload-ovex-logo-black.webp,"OVEX is an African-focused crypto exchange enabling cryptocurrency as the default settlement layer for faster, more secure cross-border payments. We provide deep liquidity and robust local rails for high-volume and institutional-grade clients.",https://x.com/OVEXIO; https://www.linkedin.com/company/ovex-exchange/; https://www.facebook.com/OVEXio,Bitcoin MENA,2025,https://mena.b.tc/sponsor
Prenetics/IM8,1 Block,https://www.prenetics.com/,https://cdn.prod.website-files.com/687f979126432c8ce843e6d7/69207b004edd760f6028191b_logo_red-samantha-kwok.webp,"Prenetics (NASDAQ: PRE) is the world's first sustainable Bitcoin treasury company, uniquely positioned with a dual-engine growth strategy that combines profitable healthcare operations with systematic Bitcoin accumulation through both organic cash flows and strategic external funding. Prenetics operates IM8, the world's fastest-growing supplements brand co-founded by David Beckham, which will generate $100M+ ARR in its first 12 months from launch, providing strong cash flows to fund daily Bitcoin purchases. This positions Prenetics to build one of the largest corporate Bitcoin treasury strategies while maintaining operational profitability and providing both asset value protection and unlimited Bitcoin upside potential.",https://x.com/prenetics; https://www.linkedin.com/company/prenetics; https://www.facebook.com/prenetics/,Bitcoin MENA,2025,https://mena.b.tc/sponsor
Rain,1 Block,https://www.rain.com/en-ae,https://cdn.prod.website-files.com/687f979126432c8ce843e6d7/69207ab6e37138240e301d09_6716624caa24a00270c670ab_logo_light.webp,"Rain is a cryptocurrency brokerage and custodian servicing the Middle East, Turkey, and North Africa.",https://x.com/rain; https://www.linkedin.com/company/rain/; https://www.facebook.com/rainfinancial,Bitcoin MENA,2025,https://mena.b.tc/sponsor
Roxom TV,1 Block,https://roxom.tv/,https://cdn.prod.website-files.com/687f979126432c8ce843e6d7/68e7e27d3a235342f9ddab62_roxom-tv-logo.webp,,,Bitcoin MENA,2025,https://mena.b.tc/sponsor
Simple Mining,1 Block,https://www.simplemining.io/,https://cdn.prod.website-files.com/687f979126432c8ce843e6d7/68e7e27d3a235342f9ddab5f_simple-mining-logo.webp,"Simple Mining is a Vertically Integrated Bitcoin company. We are committed to providing a world class experience in hosting, repairs, and sales for ASIC mining equipment.",https://x.com/simpleminingio,Bitcoin MENA,2025,https://mena.b.tc/sponsor
Starknet,1 Block,https://www.starknet.io/,https://cdn.prod.website-files.com/687f979126432c8ce843e6d7/691a7fef235d985521f0cfa6_sn-stacked-gradient-2.webp,"Starknet is building Bitcoin’s execution layer. Powered by STARK proofs, Starknet lets Bitcoin users put their sats to work with unmatched scaling, UX, and liquidity - without compromising on decentralization or security. Co-founded by Professor Eli Ben-Sasson, co-founder and former Chief Scientist of Zcash, Starknet brings world-class cryptographic innovation to Bitcoin.",https://x.com/Starknet; https://www.linkedin.com/company/starkware/,Bitcoin MENA,2025,https://mena.b.tc/sponsor
Tangem,1 Block,https://tangem.com/,https://cdn.prod.website-files.com/687f979126432c8ce843e6d7/68e7e27d3a235342f9ddab65_671a45e0eee4f77a42d930a6_logo-black-rgb-_1_-irina-moskvitina.webp,"Tangem is a technology company founded in 2017. The Tangem Wallet — its flagship product — is a hardware wallet for managing thousands of cryptocurrencies and other digital assets on over 60 blockchain networks, focusing on simplicity and utmost security. Tangem cold wallet built for you. Wear it, use it, hide it.",https://x.com/tangem; https://www.linkedin.com/company/tangem; https://t.me/tangem,Bitcoin MENA,2025,https://mena.b.tc/sponsor
The Bitcoin Way,1 Block,https://www.thebitcoinway.com/,https://cdn.prod.website-files.com/687f979126432c8ce843e6d7/68e7e27d3a235342f9ddab74_36f2e5f6-9eba-45ba-a4da-7e27c3f1437c-ticket-hs_file_upload-original-compressed-dark.webp,"The Bitcoin Way empowers individuals and institutions to achieve true financial sovereignty. We guide clients through every step of the Bitcoin journey, from secure self-custody to running their own node, with a focus on education, security, and long-term sustainability.",https://x.com/Thebitcoinway_/,Bitcoin MENA,2025,https://mena.b.tc/sponsor
The Saif House,1 Block,https://thesaifhouse.com/,https://cdn.prod.website-files.com/687f979126432c8ce843e6d7/691f646f22134774aaa63da9_66b01b32-bdcc-479b-a49f-0922f8850f16-ticket-hs_file_upload-logo.webp,"The Saif House is an independent Bitcoin-only publisher dedicated to advancing sound economic thinking. We publish The Bitcoin Standard, The Fiat Standard, The Gold Standard, and Principles of Economics by Saifedean Ammous, along with works by other authors exploring Bitcoin and Austrian economics. Through books, courses, and seminars, The Saif House promotes education rooted in hard money, individual sovereignty, and long-term thinking.",https://x.com/saifedean; https://www.linkedin.com/company/saifedean-com/,Bitcoin MENA,2025,https://mena.b.tc/sponsor
Unistar,1 Block,http://www.unistarminer.com,https://cdn.prod.website-files.com/687f979126432c8ce843e6d7/68e7e290606ad184dcd27174_unistar-logo.webp,"Unistar is a blockchain‑mining‑focused investment company: we invest in digital assets, hold Bitcoin mining machines to execute futures‑strategy investments, and actively seek global power resources to develop and operate mining facilities.Leveraging our factory‑direct procurement model, Unistar guarantees every order from placement through delivery, offering ASIC miners at the lowest mainstream market rates. With a solid presence in the United States, Russia, and the Middle East, we provide large‑scale mining farms, institutional investors, and professional enthusiasts with reliable, high‑performance mining solutions and exceptional value.",,Bitcoin MENA,2025,https://mena.b.tc/sponsor
VolcMiner,1 Block,https://t.me/volcminer_support,https://cdn.prod.website-files.com/687f979126432c8ce843e6d7/690a87ca7dbf663abda7fd18_682d4755bece80b66690a435_volcminer-logo-e9-bb-91-e7-99-bd-04.webp,"VOLCMINER is committed to becoming a global leader in chip innovation. By providing cutting-edge technology and a comprehensive ecosystem, we continuously push the boundaries of high-performance miners which could customizable air cooling, water cooling, oil cooling, machine size,machine appearance etc.",https://t.me/volcminer_support,Bitcoin MENA,2025,https://mena.b.tc/sponsor
XBTO,1 Block,https://www.xbto.com/,https://cdn.prod.website-files.com/687f979126432c8ce843e6d7/68e7e290606ad184dcd27186_xbto-logo.webp,"Founded in 2015, XBTO is a full-service digital asset platform that offers institutions, family offices and high net worth individuals access to best-in-class investment solutions, enabling them to navigate the digital asset market with confidence. ​The organization is licensed by the Bermuda Monetary Authority under the Digital Asset Business Act and has received an IPA from the FSRA in ADGM. XBTO has a presence in 6 locations: Bermuda, Miami, New York, London, Paris, and Abu Dhabi.",https://x.com/xbtogroup; https://www.linkedin.com/company/xbto,Bitcoin MENA,2025,https://mena.b.tc/sponsor
"Yunnan Xikai Electrical Equipment Co., Ltd",1 Block,https://ynxikai.com/,https://cdn.prod.website-files.com/687f979126432c8ce843e6d7/692eed8449a1ee0e99935a0e_73400571-7458-480f-bbd9-cef9ee9289bb-ticket-hs_file_upload-logo.webp,"Yunnan Xikai Electrical Equipment Co., Ltd. is a global leader in modular Bitcoin mining farm construction, and Bitmain’s premier partner in this space—delivering specialized Bitcoin mining infrastructure expertise to advance the global industry.With 7 years of independent R&D and in-house manufacturing, it controls core mining electrical infrastructure supply chains (partnering with leaders like ABB and Schneider Electric) and provides Bitcoin farm-specific end-to-end turnkey solutions (design, construction, O&M).Its proven Bitcoin mining project portfolio includes Paraguay’s 455MW water-cooled farm, delivering optimized infrastructure to support clients’ swift hash rate deployment and stable mining operations.‍",,Bitcoin MENA,2025,https://mena.b.tc/sponsor
