name,category,tier,website_url,logo_url,description,source_year
OKX,Sponsor,Premium sponsors,http://okx.com,https://blockchain-life.com/wp-content/uploads/2025/06/okx-01.svg,Global crypto exchange serving more than 50 million users,2026
Vnish,Sponsor,Premium sponsors,http://vnish.com,https://blockchain-life.com/wp-content/uploads/2025/06/vnish-01.svg,Сustom firmware for Bitmain ASIC hardware,2026
EMCD,Sponsor,Premium sponsors,https://emcd.io/,https://blockchain-life.com/wp-content/uploads/2025/06/emcd-01.svg,Global crypto ecosystem in one app based on mining pool,2026
Listing.Help,Sponsor,Premium sponsors,https://listing.help/,https://blockchain-life.com/wp-content/uploads/2025/06/lh-01.svg,Global agency for listing projects on exchanges and organizer of Blockchain Life Forum,2026
MarketLabs,Sponsor,Premium sponsors,https://marketlabs.io,https://blockchain-life.com/wp-content/uploads/2025/06/MarketLabs_green_SVG_black-copy-01.svg,Global market making partner for a long term run,2026
BingX,Sponsor,Innovative Sponsors,http://bingx.com/partner/BL,https://blockchain-life.com/wp-content/uploads/2025/06/bingx-01.svg,Cryptocurrency exchange serving more than 40 million users worldwide,2026
Feel Mining,Sponsor,Innovative Sponsors,https://feel-mining.com,https://blockchain-life.com/wp-content/uploads/2025/09/feel_mining_dark-01.svg,Global Bitcoin mining and hosting provider operating in 6 countries since 2017,2026
Bitget,Sponsor,Sapphire sponsors,https://bitget.com/,https://blockchain-life.com/wp-content/uploads/2025/06/dark_H_colour-1-1.svg,Universal Exchange with more than 130 million users worldwide,2026
Altyn Wallet,Sponsor,Sapphire sponsors,https://altyn.one,https://blockchain-life.com/wp-content/uploads/2025/09/altyn-wallet-01.svg,Web3 wallet with a banking license for USDT-RUB operations,2026
BitOK,Sponsor,Sapphire sponsors,https://bitok.org,https://blockchain-life.com/wp-content/uploads/2025/06/BitOK-pink.svg,AML solutions in Web3,2026
LCMG,Sponsor,Platinum sponsors,https://lcmg.ru,https://blockchain-life.com/wp-content/uploads/2025/06/LCMG-lkya-svetlogo-i-temnogo-01-1.svg,"Worldwide delivery, logistics and customs clearance of asics & other goods",2026
Legalaes,Sponsor,Platinum sponsors,https://legalaes.com/,https://blockchain-life.com/wp-content/uploads/2025/03/Legalaes-01.svg,"Crypto, tokenization and fintech turnkey solution licensing",2026
AdsCard,Sponsor,Platinum sponsors,https://adscard.net/,https://blockchain-life.com/wp-content/uploads/2025/09/vertikalnoe-logo-s-chernym-tekstom-1.svg,Virtual card platform built to manage and scale payments,2026
Layan Verde,Sponsor,Platinum sponsors,https://layanverde.com,https://blockchain-life.com/wp-content/uploads/2025/09/layanverde-01.svg,,2026
UPay,Sponsor,Platinum sponsors,https://upay.best,https://blockchain-life.com/wp-content/uploads/2025/06/UPay-3-3.svg,Crypto cards issuance and crypto payment solutions for your business,2026
P.Cash,Sponsor,Gold sponsors,https://p.cash/ru,https://blockchain-life.com/wp-content/uploads/2025/06/p.cash_light-01.svg,"Non-custodial wallet and analytics with PIRATE, COSA, and wDASH integration",2026
CripthHub,Sponsor,Gold sponsors,https://cripthub.ru/en/,https://blockchain-life.com/wp-content/uploads/2025/09/cripthub-01.svg,Cryptocurrency exchange service with the conversion to fiat,2026
BestChange,Sponsor,Gold sponsors,https://bestchange.com,https://blockchain-life.com/wp-content/uploads/2025/06/bestchange_1-04.svg,Free exchanger monitor with live e-currency rates,2026
GoldenGateX,Sponsor,Gold sponsors,https://goldengatex.net/ru/,https://blockchain-life.com/wp-content/uploads/2025/09/GoldenGate_white-01.svg,"Cryptocurrency exchanger: cash, non-cash payments, payment of invoices",2026
VaultNow,Sponsor,Gold sponsors,https://vaultnow.co/?utm_source=blockchain-life.com&utm_medium=partnership_event&utm_campaign=blockchain_2026,https://blockchain-life.com/wp-content/uploads/2025/09/VaultNow_white-01.svg,All-in-one crypto payment and accounting solution for business,2026
BananaTech,Sponsor,Gold sponsors,https://bananatech.space/,https://blockchain-life.com/wp-content/uploads/2025/03/Belyj-fon-copy.svg,White-label API provider for virtual and physical card solutions,2026
SecureShift,Sponsor,Gold sponsors,https://secureshift.io,https://blockchain-life.com/wp-content/uploads/2025/09/Secureshift-logo-.svg,Crypto swap platform founded in 2022 supporting 3000+ assets,2026
MarketCoin,Sponsor,Gold sponsors,https://marketcoin.io/en/,https://blockchain-life.com/wp-content/uploads/2025/06/Marketcoin-01-01.svg,"Crypto exchange offices with withdrawal to fiat, 7+ years on Bestchange",2026
Medici,Sponsor,Gold sponsors,https://medici.expert,https://blockchain-life.com/wp-content/uploads/2025/09/Medici-for-black-background-1.svg,Legal and consulting firm specializing in fintech and blockchain advisory services,2026
ICODA,Sponsor,Gold sponsors,https://icoda.io/,https://blockchain-life.com/wp-content/uploads/2025/09/icoda-light-1.svg,All-in-one crypto marketing agency guiding projects from launch to scale,2026
MEXC,Sponsor,Special sponsors,https://www.mexc.com/,https://blockchain-life.com/wp-content/uploads/2025/09/MEXC-new-forwhite-1.svg,"A crypto exchange with 40+ million users, 4000+ tokens & everyday airdrops",2026
Cifra,Sponsor,Special sponsors,https://cifra.by/,https://blockchain-life.com/wp-content/uploads/2025/06/Cifra-Markets_light-02-01.svg,Legal crypto exchange offering trading and brokerage in the CIS region,2026
BingX,Sponsor,Special sponsors,http://bingx.com/partner/BL,https://blockchain-life.com/wp-content/uploads/2025/06/bingx-01.svg,Cryptocurrency exchange serving more than 40 million users worldwide,2026
BestChange,Sponsor,Special sponsors,https://bestchange.com,https://blockchain-life.com/wp-content/uploads/2025/06/bestchange_1-04.svg,Free exchanger monitor with live e-currency rates,2026
Cointelegraph,Partner,General Media Partner,https://cointelegraph.com,https://blockchain-life.com/wp-content/uploads/2025/06/Snimok-ekrana-2023-08-09-v-13.00.55.png,,2026
RBC,Partner,Strategic Info Partner,https://www.rbc.ru/,https://blockchain-life.com/wp-content/uploads/2025/06/Snimok-ekrana-2025-08-12-v-15.39.30.png,,2026
Bitcoin.com,Partner,Special Media Partners,https://www.bitcoin.com,https://blockchain-life.com/wp-content/uploads/2025/09/bitcoincom-1-1.png,,2026
BingX,Partner,Media Partners,https://bingx.com/partner/BL,https://blockchain-life.com/wp-content/uploads/2025/06/Brand-Blue-BingX-logo-1.png,,2026
Crypto.News,Partner,Media Partners,https://crypto.news,https://blockchain-life.com/wp-content/uploads/2025/09/crypto.news-logo-1.svg,,2026
CryptoRobotics,Partner,Media Partners,https://cryptorobotics.co,https://blockchain-life.com/wp-content/uploads/2025/09/bolshoj-logo-01-scaled.png,,2026
Crypto.News,Partner,Media Partners,https://crypto.ru/,https://blockchain-life.com/wp-content/uploads/2025/03/crypto.ru_.svg,,2026
CoinTimes,Partner,Media Partners,https://cointimes.com.br/,https://blockchain-life.com/wp-content/uploads/2025/09/cointimes.png,,2026
CoinTurk,Partner,Media Partners,https://en.coin-turk.com/,https://blockchain-life.com/wp-content/uploads/2025/09/CN-logo.png,,2026
TradingBeasts,Partner,Media Partners,https://tradingbeasts.com/,https://blockchain-life.com/wp-content/uploads/2025/09/tradingbeasts-main-logo.png,,2026
Edarabia,Partner,Media Partners,https://www.edarabia.com/,https://blockchain-life.com/wp-content/uploads/2025/06/Snimok-ekrana-2025-08-15-v-14.10.38-1.png,,2026
TYN Magazine,Partner,Media Partners,https://tynmagazine.com/,https://blockchain-life.com/wp-content/uploads/2025/06/tynmagazine16823554841682355484.png,,2026
Orbis86,Partner,Media Partners,https://orbis86.com/,https://blockchain-life.com/wp-content/uploads/2025/06/logo-orbis-86.jpg,,2026
CryptoRank,Partner,Media Partners,https://cryptorank.io,https://blockchain-life.com/wp-content/uploads/2025/06/logo_color.png,,2026
Bits.media,Partner,Media Partners,https://bits.media/,https://blockchain-life.com/wp-content/uploads/2025/06/111-6.png,,2026
MonaProof,Partner,Media Partners,https://monaproof.com,https://blockchain-life.com/wp-content/uploads/2025/06/Monaproof_out_s-pruzhinkoj-copy-3-scaled.png,,2026
ICODA,Partner,Media Partners,https://icoda.io/,https://blockchain-life.com/wp-content/uploads/2025/06/icoda-logo.png,,2026
BTCWire,Partner,Media Partners,https://btcwire.io/,https://blockchain-life.com/wp-content/uploads/2025/06/Logo-1-1-scaled.png,,2026
Mpost,Partner,Media Partners,https://mpost.io/,https://blockchain-life.com/wp-content/uploads/2025/06/M-POST_logo-02.png,,2026
The Cryptonomist,Partner,Media Partners,https://en.cryptonomist.ch/,https://blockchain-life.com/wp-content/uploads/2025/06/The-Cryptonomist-logo.png,,2026
Za Rulem,Partner,Media Partners,https://www.zr.ru/,https://blockchain-life.com/wp-content/uploads/2025/09/ZR-Logo.png,,2026
CoinCodex,Partner,Media Partners,https://coincodex.com/,https://blockchain-life.com/wp-content/uploads/2025/09/cc-logo-png.png,,2026
Inpulse,Partner,Community partners,https://inpulse.events/,https://blockchain-life.com/wp-content/uploads/2025/09/In-Pulse-Logo-Black-scaled.png,,2026
RUDN University,Partner,Community partners,https://www.rudn.ru,https://blockchain-life.com/wp-content/uploads/2025/09/3Tv97BWW3GdamYlx7qMiYth8gPs9GB01OXv3njhr.png,,2026
invasion.ae (Instagram),Partner,Venue Partners,https://www.instagram.com/invasion.ae/,https://blockchain-life.com/wp-content/uploads/2025/08/invasion.png,,2026
TODA,Partner,Venue Partners,https://toda.ae/,https://blockchain-life.com/wp-content/uploads/2025/06/Copy-of-Logo_3d_all-1-1-scaled.png,,2026
HookahPlace,Partner,Venue Partners,https://www.hookahplace.ae/,https://blockchain-life.com/wp-content/uploads/2025/06/IMG_0251.png,,2026
Rutab,Partner,Info Partners,https://rutab.net,https://blockchain-life.com/wp-content/uploads/2025/09/rutab.png,,2026
Notisend,Partner,Info Partners,https://notisend.ru/,https://blockchain-life.com/wp-content/uploads/2025/09/Notisend_logo_chernyj.svg,,2026
InfoSec Portal,Partner,Info Partners,https://infosecportal.ru/,https://blockchain-life.com/wp-content/uploads/2025/09/ISP_square_yellow_512x512-1-1.png,,2026
Coin Edition,Partner,Info Partners,https://coinedition.com/,https://blockchain-life.com/wp-content/uploads/2025/09/Coin-Edition-Hi-scaled.png,,2026
WikiBit,Partner,Info Partners,https://wikibit.com/,https://blockchain-life.com/wp-content/uploads/2025/09/photo_6140995285967114391_y.jpg,,2026
Industry Events,Partner,Info Partners,https://www.industryevents.com/,https://blockchain-life.com/wp-content/uploads/2025/09/High-res-Industry-Events-logo-scaled.jpg,,2026
Bitcoin Insider,Partner,Info Partners,https://www.bitcoininsider.org/,https://blockchain-life.com/wp-content/uploads/2025/09/bitcoininsider-logo-condensed-400x400-1.jpg,,2026
Cryip,Partner,Info Partners,https://cryip.co/,https://blockchain-life.com/wp-content/uploads/2025/09/Cryip-Logo-Black.png,,2026
Eloborud,Partner,Info Partners,https://eloborud.ru/,https://blockchain-life.com/wp-content/uploads/2025/09/eloborud-logo.png,,2026
Bitcoin News Asia,Partner,Info Partners,https://bitcoinnewsasia.com,https://blockchain-life.com/wp-content/uploads/2025/09/cropped-cropped-Bitcoin_News_Asia_Logo-1.png,,2026
Securities.io,Partner,Info Partners,http://www.securities.io/,https://blockchain-life.com/wp-content/uploads/2025/09/1040x200-blacktext.png,,2026
PandeeBot (Telegram),Partner,Info Partners,https://t.me/PandeeBot,https://blockchain-life.com/wp-content/uploads/2025/09/Logo-Pandee.png,,2026
The Glove,Partner,Info Partners,https://theglove.ru,https://blockchain-life.com/wp-content/uploads/2025/09/glov-black.svg,,2026
CPA Words,Partner,Info Partners,https://cpawords.pro,https://blockchain-life.com/wp-content/uploads/2025/09/1704784232606-1.png,,2026
alpha_club_synergy (Telegram),Partner,Info Partners,https://t.me/alpha_club_synergy,https://blockchain-life.com/wp-content/uploads/2025/09/stanislav.jpg,,2026
airdrop_hunter_public (Telegram),Partner,Info Partners,https://t.me/airdrop_hunter_public,https://blockchain-life.com/wp-content/uploads/2025/09/IMG_4543-1.png,,2026
PLUSworld,Partner,Info Partners,https://plusworld.ru,https://blockchain-life.com/wp-content/uploads/2025/09/plus-word1-1.png,,2026
NodeTimes,Partner,Info Partners,https://nodetimes.com,https://blockchain-life.com/wp-content/uploads/2025/09/node_times_logo_sq.png,,2026
waketonup (Telegram),Partner,Info Partners,https://t.me/waketonup,https://blockchain-life.com/wp-content/uploads/2025/09/IMG_6915-scaled.png,,2026
Crypto LFDM,Partner,Info Partners,https://cryptolfdm.fr/,https://blockchain-life.com/wp-content/uploads/2025/09/logo-lfdm.png,,2026
UNLOCK Blockchain,Partner,Info Partners,https://www.unlock-bc.com/en,https://blockchain-life.com/wp-content/uploads/2025/09/unlock-bc.png,,2026
Coinaute,Partner,Info Partners,https://coinaute.com/,https://blockchain-life.com/wp-content/uploads/2025/09/logo.webp,,2026
NBJ,Partner,Info Partners,https://nbj.ru/,https://blockchain-life.com/wp-content/uploads/2025/09/01_NBJ_Logo_ENG.jpg,,2026
Telecom Times,Partner,Info Partners,https://telecomtimes.ru/,https://blockchain-life.com/wp-content/uploads/2025/09/Snimok-ekrana-2026-04-30-v-11.52.41.png,,2026
OversubscribedC (X),Partner,Info Partners,https://x.com/OversubscribedC,https://blockchain-life.com/wp-content/uploads/2025/09/logo-3.png,,2026
Etoday,Partner,Info Partners,https://etoday.kz,https://blockchain-life.com/wp-content/uploads/2025/09/ETODAY.jpeg,,2026
Gembla,Partner,Info Partners,https://gembla.net,https://blockchain-life.com/wp-content/uploads/2025/09/photo_2025-10-27-10.20.29.jpeg,,2026
cryptomedwed (Telegram),Partner,Info Partners,https://t.me/cryptomedwed,https://blockchain-life.com/wp-content/uploads/2025/09/logo-02-scaled.png,,2026
Crypto Events,Partner,Info Partners,https://crypto-events.ru,https://blockchain-life.com/wp-content/uploads/2025/09/logo-crypto-events-no-bg-dark-outline.png,,2026
GdeJob,Partner,Info Partners,https://gdejob.com/,https://blockchain-life.com/wp-content/uploads/2025/09/logo-gdejob-200x100-1.png,,2026
BlockchainAcademics (YouTube),Partner,Info Partners,https://www.youtube.com/c/BlockchainAcademics/,https://blockchain-life.com/wp-content/uploads/2025/09/blockchain_logo_main.png,,2026
CPAex,Partner,Info Partners,,https://blockchain-life.com/wp-content/uploads/2025/09/cpaex_logo_basic.svg,,2026
BrandPR,Partner,Info Partners,https://brandpr.io,https://blockchain-life.com/wp-content/uploads/2025/09/Artboard-1-copy-2-4x-scaled.png,,2026
Web3MeetUpsDubai (Telegram),Partner,Info Partners,https://t.me/Web3MeetUpsDubai,https://blockchain-life.com/wp-content/uploads/2025/08/web3-1.png,,2026
UltraMining,Partner,Info Partners,https://ultramining.com/en/,https://blockchain-life.com/wp-content/uploads/2025/08/Clip-path-group-1.png,,2026
BlockchainProfs,Partner,Info Partners,https://linktr.ee/blockchainprofs,https://blockchain-life.com/wp-content/uploads/2025/08/New-Logo-Blockchain.png,,2026
mintlayer (X),Partner,Info Partners,https://x.com/mintlayer/,https://blockchain-life.com/wp-content/uploads/2025/08/ML-LOGO-2.png,,2026
karincatraders (X),Partner,Info Partners,https://x.com/karincatraders/,https://blockchain-life.com/wp-content/uploads/2025/08/photo_2025-08-25_11-56-29.jpg,,2026
BMB Web3,Partner,Info Partners,https://bmbweb3.com/,https://blockchain-life.com/wp-content/uploads/2025/06/photo_2025-08-08_16-15-15.jpg,,2026
Quasa,Partner,Info Partners,https://quasa.io/rewards,https://blockchain-life.com/wp-content/uploads/2025/06/2025-08-15-17.47.41.jpg,,2026
BitOK,Partner,Info Partners,https://bitok.org,https://blockchain-life.com/wp-content/uploads/2025/06/Bitok-1.svg,,2026
CryptoNVG,Partner,Info Partners,https://cryptonvg.com,https://blockchain-life.com/wp-content/uploads/2025/06/2025-07-29-15.14.28-1.png,,2026
Exfins,Partner,Info Partners,https://exfins.ru/,https://blockchain-life.com/wp-content/uploads/2025/06/EKSPERT-FINANS-svetlyj-fon.png,,2026
Disrupted,Partner,Info Partners,https://www.dsrptd.net/blog,https://blockchain-life.com/wp-content/uploads/2025/06/24_20231014_143522_0023.png,,2026
Aff1,Partner,Info Partners,https://aff1.ru/,https://blockchain-life.com/wp-content/uploads/2025/06/aff1_logo_black.png,,2026
ComingSoon.ae,Partner,Info Partners,https://comingsoon.ae/,https://blockchain-life.com/wp-content/uploads/2025/06/logo-transp.png,,2026
MMGP,Partner,Info Partners,https://mmgp.com/,https://blockchain-life.com/wp-content/uploads/2025/06/logo_mmgp_.png,,2026
Xiongmao Digital,Partner,Info Partners,https://xiongmaodigital.com,https://blockchain-life.com/wp-content/uploads/2025/06/XMD_9.png,,2026
Crypto InSite,Partner,Info Partners,https://crypto-insite.com/,https://blockchain-life.com/wp-content/uploads/2025/06/Crypto-Insite.png,,2026
Proleo.io,Partner,Info Partners,https://proleo.io/,https://blockchain-life.com/wp-content/uploads/2025/06/Proleo-Logo.png,,2026
FB-Killa,Partner,Info Partners,https://fb-killa.pro/,https://blockchain-life.com/wp-content/uploads/2025/06/Vertical-black.png,,2026
iGlobal,Partner,Info Partners,https://iGlobal.community,https://blockchain-life.com/wp-content/uploads/2025/06/iglobal-logo-actual-transparent.png,,2026
gen3mag (X),Partner,Info Partners,https://x.com/gen3mag,https://blockchain-life.com/wp-content/uploads/2025/06/photo_2025-07-01_11-57-05.jpg,,2026
DroomDroom,Partner,Info Partners,https://droomdroom.com,https://blockchain-life.com/wp-content/uploads/2025/06/DroomDroom_Black.png,,2026
36Crypto,Partner,Info Partners,https://36crypto.com/,https://blockchain-life.com/wp-content/uploads/2025/06/enhanced-new-36crypto-logo.png,,2026
bluewaters_people (Instagram),Partner,Info Partners,https://www.instagram.com/bluewaters_people,https://blockchain-life.com/wp-content/uploads/2025/06/logo-blue-3-7.jpg,,2026
BlockDelta,Partner,Info Partners,https://www.blockdelta.com,https://blockchain-life.com/wp-content/uploads/2025/06/BD-Full-Logo-PNG-1-1.png,,2026
AllConfs,Partner,Info Partners,https://allconfsbot.website,https://blockchain-life.com/wp-content/uploads/2025/06/photo_2022-02-12_04-14-58.jpg,,2026
Pro-Babki,Partner,Info Partners,https://pro-babki.ru/,https://blockchain-life.com/wp-content/uploads/2025/06/probabki-svg-logo.svg,,2026
BitRecord,Partner,Info Partners,https://bitrecord.one,https://blockchain-life.com/wp-content/uploads/2025/06/2023-09-26-16.01.35.jpg,,2026
Arab BTC,Partner,Info Partners,https://arab-btc.net/,https://blockchain-life.com/wp-content/uploads/2025/06/Black.png,,2026
HelpInver,Partner,Info Partners,https://helpinver.com/,https://blockchain-life.com/wp-content/uploads/2025/06/2024-06-07-10.01.31.jpg,,2026
CryptoTale,Partner,Info Partners,https://cryptotale.org/,https://blockchain-life.com/wp-content/uploads/2025/06/Logo-png-01.png,,2026
News Patrolling,Partner,Info Partners,http://newspatrolling.com,https://blockchain-life.com/wp-content/uploads/2025/06/newspatrolling-logo.png,,2026
Dubai Global News,Partner,Info Partners,http://dubaiglobalnews.com,https://blockchain-life.com/wp-content/uploads/2025/06/dgn-1-scaled.png,,2026
