name,tier,website,event
Brave,Platinum,https://brave.com/,Blockchain Futurist Conference Toronto 2026
Krown Network,Platinum,https://krown.network,Blockchain Futurist Conference Toronto 2026
Robinhood,Gold,https://robinhood.com/us/en/,Blockchain Futurist Conference Toronto 2026
Payper,Gold,https://payper.ca/,Blockchain Futurist Conference Toronto 2026
Cayman Finance,Gold,https://caymanfinance.ky/,Blockchain Futurist Conference Toronto 2026
House of ZK,Gold,https://www.hozk.io/,Blockchain Futurist Conference Toronto 2026
Agentic Day,Gold,http://helloagentic.ai/,Blockchain Futurist Conference Toronto 2026
Travls,Gold,https://travls.io/,Blockchain Futurist Conference Toronto 2026
Eukapay,Gold,http://eukapay.com/,Blockchain Futurist Conference Toronto 2026
Mangrove,Gold,https://mangrove.ai/,Blockchain Futurist Conference Toronto 2026
Intrfac3,Gold,https://intrfac3.com/login,Blockchain Futurist Conference Toronto 2026
Roundtable,Gold,https://roundtable.io/,Blockchain Futurist Conference Toronto 2026
Shefi,Gold,https://www.shefi.org/,Blockchain Futurist Conference Toronto 2026
World Boss Media,Gold,http://worldbossmedia.com/,Blockchain Futurist Conference Toronto 2026
Web3TO,Gold,https://www.web3to.ca/,Blockchain Futurist Conference Toronto 2026
Cryptocurrency Wire,Gold,https://www.cryptocurrencywire.com/,Blockchain Futurist Conference Toronto 2026
Investor Brand Network,Gold,https://www.investorbrandnetwork.com,Blockchain Futurist Conference Toronto 2026
GOAT Gallery,Gold,https://www.goat.gallery/,Blockchain Futurist Conference Toronto 2026
Hedgie,Gold,https://hedgie.io/,Blockchain Futurist Conference Toronto 2026
Pudgy,Gold,https://x.com/PudgyCanada,Blockchain Futurist Conference Toronto 2026
Crypto Citizens Network,Gold,https://www.ccn.com/global-crypto-lifestyle-index/,Blockchain Futurist Conference Toronto 2026
Orion Digital,Gold,https://www.oriondigitalinc.com/,Blockchain Futurist Conference Toronto 2026
BVI Finance,Silver,https://bvifinance.vg/,Blockchain Futurist Conference Toronto 2026
Bitbuy,Silver,https://bitbuy.ca/en-ca,Blockchain Futurist Conference Toronto 2026
ByteX,Silver,https://bytex.io/,Blockchain Futurist Conference Toronto 2026
AiraPay,Silver,https://airapay.io/,Blockchain Futurist Conference Toronto 2026
Nirvana,Silver,https://www.nirvana.finance/,Blockchain Futurist Conference Toronto 2026
Metrics,Silver,https://getmetrics.ca/,Blockchain Futurist Conference Toronto 2026
Sullivan Hart,Silver,https://www.sullivanhart.com/,Blockchain Futurist Conference Toronto 2026
ATB,Silver,http://atb.com/,Blockchain Futurist Conference Toronto 2026
256 Crypto Marketing,Silver,https://www.256mkt.com/,Blockchain Futurist Conference Toronto 2026
Crypto Education,Silver,https://cryptoducation.ca/about/,Blockchain Futurist Conference Toronto 2026
Doginal Dogs,Silver,https://www.barkmedia.xyz/,Blockchain Futurist Conference Toronto 2026
Luna PR,Silver,https://www.lunapr.com/,Blockchain Futurist Conference Toronto 2026
Transform Group,Silver,https://www.transformventures.io/,Blockchain Futurist Conference Toronto 2026
The White Paper Reading Club,Silver,https://www.thewhitepaperreading.club/,Blockchain Futurist Conference Toronto 2026
DB8,Silver,https://www.db8.com/,Blockchain Futurist Conference Toronto 2026
FemT3ch,Silver,https://x.com/FemT3ch,Blockchain Futurist Conference Toronto 2026
Women in Crypto,Silver,https://www.womenincrypto.org/,Blockchain Futurist Conference Toronto 2026
Spinnovate Tech,Silver,,Blockchain Futurist Conference Toronto 2026
Kyle Guthro,Silver,https://www.kyleguthro.com/,Blockchain Futurist Conference Toronto 2026
Afyniti,Silver,https://afyniti.xyz/,Blockchain Futurist Conference Toronto 2026
AGNIC.AI,Silver,https://www.agnic.ai/,Blockchain Futurist Conference Toronto 2026
Market Across,Silver,http://marketacross.com/,Blockchain Futurist Conference Toronto 2026
Chainwire,Silver,https://chainwire.org/,Blockchain Futurist Conference Toronto 2026
Amsterdam PR,Bronze,http://AmsterdamGroup.net,Blockchain Futurist Conference Toronto 2026
Invest HK,Bronze,https://www.hketotoronto.gov.hk/,Blockchain Futurist Conference Toronto 2026
Blast Wheels,Bronze,https://blast-wheels.com/,Blockchain Futurist Conference Toronto 2026
UrVote,Bronze,https://www.urvote.ca/,Blockchain Futurist Conference Toronto 2026
The Bar Toronto,Bronze,http://thebartoronto.com/,Blockchain Futurist Conference Toronto 2026
KYC2020,Copper,https://www.kyc2020.com/,Blockchain Futurist Conference Toronto 2026
Autheo,Copper,https://www.autheo.com/,Blockchain Futurist Conference Toronto 2026
Peerfolio,Copper,https://getpeerfolio.app/,Blockchain Futurist Conference Toronto 2026
Blair Law Firm,Copper,https://blairlawfirm.ca/,Blockchain Futurist Conference Toronto 2026
Crypto Records,Copper,https://cryptorecords.ca/,Blockchain Futurist Conference Toronto 2026
Utila,Copper,https://utila.io/,Blockchain Futurist Conference Toronto 2026
Thera-Vibe,Copper,https://www.thera-vibe.com/,Blockchain Futurist Conference Toronto 2026
Shakepay,Copper,https://shakepay.com/,Blockchain Futurist Conference Toronto 2026
Drawbridge,Copper,https://trydrawbridge.com/,Blockchain Futurist Conference Toronto 2026
Enreach.AI,Copper,https://www.enreach.ai/,Blockchain Futurist Conference Toronto 2026
Bitcoin.com,Copper,https://www.bitcoin.com/pt/,Blockchain Futurist Conference Toronto 2026
