name,tier,prize,website,logo_url
The Graph,Prize Partner,"$15,000",https://thegraph.com,https://ethglobal.b-cdn.net/organizations/pfyco/square-logo/default.png
Yellow,Prize Partner,"$15,000",https://yellow.org,https://ethglobal.b-cdn.net/organizations/5wcw4/square-logo/default.png
Sui,Prize Partner,"$15,000",https://www.sui.io/,https://ethglobal.b-cdn.net/organizations/vsbye/square-logo/default.png
World,Prize Partner,"$15,000",https://world.org,https://ethglobal.b-cdn.net/organizations/3zpxc/square-logo/default.png
Hedera,Prize Partner,"$15,000",https://hedera.com/,https://ethglobal.b-cdn.net/organizations/bdi3h/square-logo/default.png
0G,Prize Partner,"$15,000",https://0g.ai,https://ethglobal.b-cdn.net/organizations/g8xu4/square-logo/default.png
Uniswap Foundation,Prize Partner,"$10,000",https://www.uniswapfoundation.org/build,https://ethglobal.b-cdn.net/organizations/026zc/square-logo/default.png
ENS,Prize Partner,"$5,000",https://ens.domains,https://ethglobal.b-cdn.net/organizations/bw7y9/square-logo/default.png
1inch,Prize Partner,"$5,000",https://1inch.com/,https://ethglobal.b-cdn.net/organizations/if0ri/square-logo/default.png
