name,tier,website,logo_url,description,year
Anodos,,,,,2025
Asosiasi Blockchain Indonesia,,,,,2025
Association Blockchain Asia,,,,,2025
Women in Crypto,,,,,2025
Asia Web3 Alliance Japan,,,,,2025
Axiology,,,,,2025
Axelar,,,,,2025
APAC DAO,,,,,2025
AWS,,,,,2025
Bitkub Exchange,,,,,2025
Blockchain Association Singapore,,,,,2025
Catalyze Research,,,,,2025
CoinDesk,,,,,2025
Cyberport,,,,,2025
EasyA,,,,,2025
Elysia,,,,,2025
Flowdesk,,,,,2025
Girin Labs,,,,,2025
H.E.R. DAO,,,,,2025
OffChain,,,,,2025
Peersyst,,,,,2025
Peerkat,,,,,2025
RedotPay,,,,,2025
Singapore Fintech Association (SFA),,,,,2025
Soil,,,,,2025
Strebe Finance,,,,,2025
Tenity,,,,,2025
Web3 Salon,,,,,2025
Xaman,,,,,2025
Commons,,,,,2025
XRP Ledger Foundation (XRPLF),,,,,2025
XRPL Labs,,,,,2025
xrp.cafe,,,,,2025
