name,tier,website,logo_url,description,event,event_year,source_url,notes
OKX,Title Sponsor,,https://cdn.prod.website-files.com/6756df8f05088bc3e51c64ea/6a3a81d16557c2a7d41bcc34_OKX.png,,TOKEN2049 Singapore,2026,https://www.token2049.com/singapore/partners,Confirmed 2026 sponsor
Sui,Title Sponsor,,https://cdn.prod.website-files.com/6756df8f05088bc3e51c64ea/6a3a81d0229b43e91e7018f7_Sui.png,,TOKEN2049 Singapore,2026,https://www.token2049.com/singapore/partners,Confirmed 2026 sponsor
BloFin,Title Sponsor,,https://cdn.prod.website-files.com/6756df8f05088bc3e51c64ea/6a3a81de045178585d1c992c_BloFin.png,,TOKEN2049 Singapore,2026,https://www.token2049.com/singapore/partners,Confirmed 2026 sponsor
Mesh,Title Sponsor,,https://cdn.prod.website-files.com/6756df8f05088bc3e51c64ea/6a3a81de045178585d1c9929_Mesh.png,,TOKEN2049 Singapore,2026,https://www.token2049.com/singapore/partners,Confirmed 2026 sponsor
BingX,Title Sponsor,,https://cdn.prod.website-files.com/6756df8f05088bc3e51c64ea/6a3a81d9af4b46759c2143f6_BingX.png,,TOKEN2049 Singapore,2026,https://www.token2049.com/singapore/partners,Confirmed 2026 sponsor
TRON,Title Sponsor,,https://cdn.prod.website-files.com/6756df8f05088bc3e51c64ea/6a3a81d9af4b46759c2143f9_TRON.png,,TOKEN2049 Singapore,2026,https://www.token2049.com/singapore/partners,Confirmed 2026 sponsor
MEXC,Platinum Sponsor,,https://cdn.prod.website-files.com/6756df8f05088bc3e51c64ea/6a3a859c4ef93b29c09fd5d0_MEXC.png,,TOKEN2049 Singapore,2026,https://www.token2049.com/singapore/partners,Confirmed 2026 sponsor
Auros,Platinum Sponsor,,https://cdn.prod.website-files.com/6756df8f05088bc3e51c64ea/6a3a85904730427b9108700e_Auros.png,,TOKEN2049 Singapore,2026,https://www.token2049.com/singapore/partners,Confirmed 2026 sponsor
DWF Labs,Platinum Sponsor,,https://cdn.prod.website-files.com/6756df8f05088bc3e51c64ea/6a3a858e4ef93b29c09fcc66_DWF-Labs.png,,TOKEN2049 Singapore,2026,https://www.token2049.com/singapore/partners,Confirmed 2026 sponsor
Toobit,Platinum Sponsor,,https://cdn.prod.website-files.com/6756df8f05088bc3e51c64ea/6a3a859c4ef93b29c09fd5cd_Toobit.png,,TOKEN2049 Singapore,2026,https://www.token2049.com/singapore/partners,Confirmed 2026 sponsor
ChangeNOW,Platinum Sponsor,,https://cdn.prod.website-files.com/6756df8f05088bc3e51c64ea/6a3a85955dda6dc9384538d8_ChangeNOW.png,,TOKEN2049 Singapore,2026,https://www.token2049.com/singapore/partners,Confirmed 2026 sponsor
WEEX,Platinum Sponsor,,https://cdn.prod.website-files.com/6756df8f05088bc3e51c64ea/6a3a859c4ef93b29c09fd5d4_WEEX.png,,TOKEN2049 Singapore,2026,https://www.token2049.com/singapore/partners,Confirmed 2026 sponsor
a16z crypto,Gold Sponsor,,https://cdn.prod.website-files.com/6756df8f05088bc3e51c64ea/6a3a88e35dda6dc938489b33_a16zcrypto.png,,TOKEN2049 Singapore,2026,https://www.token2049.com/singapore/partners,Confirmed 2026 sponsor
Binance,Gold Sponsor,,https://cdn.prod.website-files.com/6756df8f05088bc3e51c64ea/6a3a88eb527447b6db158e3f_Binance.png,,TOKEN2049 Singapore,2026,https://www.token2049.com/singapore/partners,Confirmed 2026 sponsor
Circle,Gold Sponsor,,https://cdn.prod.website-files.com/6756df8f05088bc3e51c64ea/6a3a88efbec88c50679761d7_Circle.png,,TOKEN2049 Singapore,2026,https://www.token2049.com/singapore/partners,Confirmed 2026 sponsor
Ledger,Gold Sponsor,,https://cdn.prod.website-files.com/6756df8f05088bc3e51c64ea/6a3a8938fe8300bab06b16d6_Ledger.png,,TOKEN2049 Singapore,2026,https://www.token2049.com/singapore/partners,Confirmed 2026 sponsor
Avelacom,Gold Sponsor,,https://cdn.prod.website-files.com/6756df8f05088bc3e51c64ea/6a3a88ed853d800f451aba0f_Avelacom.png,,TOKEN2049 Singapore,2026,https://www.token2049.com/singapore/partners,Confirmed 2026 sponsor
Bitpanda,Gold Sponsor,,https://cdn.prod.website-files.com/6756df8f05088bc3e51c64ea/6a3a891b5dda6dc93848ca3e_Bitpanda.png,,TOKEN2049 Singapore,2026,https://www.token2049.com/singapore/partners,Confirmed 2026 sponsor
Bitunix,Gold Sponsor,,https://cdn.prod.website-files.com/6756df8f05088bc3e51c64ea/6a3a890644c42defed12df7f_Bitunix.png,,TOKEN2049 Singapore,2026,https://www.token2049.com/singapore/partners,Confirmed 2026 sponsor
CertiK,Gold Sponsor,,https://cdn.prod.website-files.com/6756df8f05088bc3e51c64ea/6a3a890957d96d71b20bfe65_Certik.png,,TOKEN2049 Singapore,2026,https://www.token2049.com/singapore/partners,Confirmed 2026 sponsor
ChainUp,Gold Sponsor,,https://cdn.prod.website-files.com/6756df8f05088bc3e51c64ea/6a3a88fde01d7a219fbd5721_Chainup.png,,TOKEN2049 Singapore,2026,https://www.token2049.com/singapore/partners,Confirmed 2026 sponsor
Incode Technologies,Gold Sponsor,,https://cdn.prod.website-files.com/6756df8f05088bc3e51c64ea/6a3a88f6988b6014c206e938_Incode.png,,TOKEN2049 Singapore,2026,https://www.token2049.com/singapore/partners,Confirmed 2026 sponsor
JPEG Trading,Gold Sponsor,,https://cdn.prod.website-files.com/6756df8f05088bc3e51c64ea/6a3a88f1df60cf2f8a02e12b_JPEG-Trading.png,,TOKEN2049 Singapore,2026,https://www.token2049.com/singapore/partners,Confirmed 2026 sponsor
MSX,Gold Sponsor,,https://cdn.prod.website-files.com/6756df8f05088bc3e51c64ea/6a3a893e988b6014c2072874_MSX.png,,TOKEN2049 Singapore,2026,https://www.token2049.com/singapore/partners,Confirmed 2026 sponsor
NewBit Exchange,Gold Sponsor,,https://cdn.prod.website-files.com/6756df8f05088bc3e51c64ea/6a3a8948aac7a7d665a9703f_Risesun.png,,TOKEN2049 Singapore,2026,https://www.token2049.com/singapore/partners,Confirmed 2026 sponsor
Sumsub,Gold Sponsor,,https://cdn.prod.website-files.com/6756df8f05088bc3e51c64ea/6a3a8950662a3d54b8e85874_Sumsub.png,,TOKEN2049 Singapore,2026,https://www.token2049.com/singapore/partners,Confirmed 2026 sponsor
Tangem,Gold Sponsor,,https://cdn.prod.website-files.com/6756df8f05088bc3e51c64ea/6a3a8958f2fb913f99a71e2a_Tangem.png,,TOKEN2049 Singapore,2026,https://www.token2049.com/singapore/partners,Confirmed 2026 sponsor
toobit.com,Gold Sponsor,,https://cdn.prod.website-files.com/6756df8f05088bc3e51c64ea/6a3a895e49e87f0ee5e737a7_Toobit.png,,TOKEN2049 Singapore,2026,https://www.token2049.com/singapore/partners,Confirmed 2026 sponsor
Tothemoon,Gold Sponsor,,https://cdn.prod.website-files.com/6756df8f05088bc3e51c64ea/6a3a8962e01d7a219fbdcd05_Tothemoon.png,,TOKEN2049 Singapore,2026,https://www.token2049.com/singapore/partners,Confirmed 2026 sponsor
WasabiCard,Gold Sponsor,,https://cdn.prod.website-files.com/6756df8f05088bc3e51c64ea/6a3a8962e01d7a219fbdcd0b_Wasabicard.png,,TOKEN2049 Singapore,2026,https://www.token2049.com/singapore/partners,Confirmed 2026 sponsor
WeChange,Gold Sponsor,,https://cdn.prod.website-files.com/6756df8f05088bc3e51c64ea/6a3a896b527447b6db15b172_Wechange.png,,TOKEN2049 Singapore,2026,https://www.token2049.com/singapore/partners,Confirmed 2026 sponsor
A-Field Tech,Silver Sponsor,,https://cdn.prod.website-files.com/6756df8f05088bc3e51c64ea/6a3a942c91c44fea24bc5249_A-Field-Tech.png,,TOKEN2049 Singapore,2026,https://www.token2049.com/singapore/partners,Confirmed 2026 sponsor
aeon.xyz,Silver Sponsor,,https://cdn.prod.website-files.com/6756df8f05088bc3e51c64ea/6a3a942c91c44fea24bc523c_AEON.png,,TOKEN2049 Singapore,2026,https://www.token2049.com/singapore/partners,Confirmed 2026 sponsor
Alchemy Pay,Silver Sponsor,,https://cdn.prod.website-files.com/6756df8f05088bc3e51c64ea/6a3a942c91c44fea24bc5240_Alchemy-Pay.png,,TOKEN2049 Singapore,2026,https://www.token2049.com/singapore/partners,Confirmed 2026 sponsor
Altery,Silver Sponsor,,https://cdn.prod.website-files.com/6756df8f05088bc3e51c64ea/6a3a9432dbf521d9a6491487_Altery.png,,TOKEN2049 Singapore,2026,https://www.token2049.com/singapore/partners,Confirmed 2026 sponsor
BTSE Enterprise Solutions,Silver Sponsor,,https://cdn.prod.website-files.com/6756df8f05088bc3e51c64ea/6a3a9432dbf521d9a649147e_BTSE.png,,TOKEN2049 Singapore,2026,https://www.token2049.com/singapore/partners,Confirmed 2026 sponsor
BVI Finance,Silver Sponsor,,https://cdn.prod.website-files.com/6756df8f05088bc3e51c64ea/6a3a942c91c44fea24bc5259_BVI-Finance.png,,TOKEN2049 Singapore,2026,https://www.token2049.com/singapore/partners,Confirmed 2026 sponsor
bvihongkongoffice.com.hk,Silver Sponsor,,https://cdn.prod.website-files.com/6756df8f05088bc3e51c64ea/6a3a9433dbf521d9a6491491_BVI-Hong-Kong-Office.png,,TOKEN2049 Singapore,2026,https://www.token2049.com/singapore/partners,Confirmed 2026 sponsor
CardsPro,Silver Sponsor,,https://cdn.prod.website-files.com/6756df8f05088bc3e51c64ea/6a3a9432dbf521d9a649148d_CardsPro.png,,TOKEN2049 Singapore,2026,https://www.token2049.com/singapore/partners,Confirmed 2026 sponsor
CoinRabbit,Silver Sponsor,,https://cdn.prod.website-files.com/6756df8f05088bc3e51c64ea/6a3a942c91c44fea24bc5243_CoinRabbit.png,,TOKEN2049 Singapore,2026,https://www.token2049.com/singapore/partners,Confirmed 2026 sponsor
Cregis,Silver Sponsor,,https://cdn.prod.website-files.com/6756df8f05088bc3e51c64ea/6a3a942c91c44fea24bc524e_Cregis.png,,TOKEN2049 Singapore,2026,https://www.token2049.com/singapore/partners,Confirmed 2026 sponsor
Crystal Intelligence,Silver Sponsor,,https://cdn.prod.website-files.com/6756df8f05088bc3e51c64ea/6a3a942c91c44fea24bc5254_Crystal-Intelligence.png,,TOKEN2049 Singapore,2026,https://www.token2049.com/singapore/partners,Confirmed 2026 sponsor
DLT LAW,Silver Sponsor,,https://cdn.prod.website-files.com/6756df8f05088bc3e51c64ea/6a3a9432dbf521d9a649148a_DLT-Law.png,,TOKEN2049 Singapore,2026,https://www.token2049.com/singapore/partners,Confirmed 2026 sponsor
Ellipal,Silver Sponsor,,https://cdn.prod.website-files.com/6756df8f05088bc3e51c64ea/6a3a942c91c44fea24bc5251_Ellipal.png,,TOKEN2049 Singapore,2026,https://www.token2049.com/singapore/partners,Confirmed 2026 sponsor
EverValue Coin,Silver Sponsor,,https://cdn.prod.website-files.com/6756df8f05088bc3e51c64ea/6a3a942c91c44fea24bc5246_Evervalue.png,,TOKEN2049 Singapore,2026,https://www.token2049.com/singapore/partners,Confirmed 2026 sponsor
FameEX,Silver Sponsor,,https://cdn.prod.website-files.com/6756df8f05088bc3e51c64ea/6a3a942de3d292527bdbd00d_FameEx.png,,TOKEN2049 Singapore,2026,https://www.token2049.com/singapore/partners,Confirmed 2026 sponsor
ForumPay,Silver Sponsor,,https://cdn.prod.website-files.com/6756df8f05088bc3e51c64ea/6a3a9432dbf521d9a6491484_ForumPay.png,,TOKEN2049 Singapore,2026,https://www.token2049.com/singapore/partners,Confirmed 2026 sponsor
Gather,Silver Sponsor,,https://cdn.prod.website-files.com/6756df8f05088bc3e51c64ea/6a3a9453c17822ec8e8b91f0_Gather.png,,TOKEN2049 Singapore,2026,https://www.token2049.com/singapore/partners,Confirmed 2026 sponsor
Hong Kong International New Economic Research Institute,Silver Sponsor,,https://cdn.prod.website-files.com/6756df8f05088bc3e51c64ea/6a3a9453c17822ec8e8b91f4_Hong-Kong-International-New-Economic-Research-Institute.png,,TOKEN2049 Singapore,2026,https://www.token2049.com/singapore/partners,Confirmed 2026 sponsor
Inpay,Silver Sponsor,,https://cdn.prod.website-files.com/6756df8f05088bc3e51c64ea/6a3a9453c17822ec8e8b91fa_Inpay.png,,TOKEN2049 Singapore,2026,https://www.token2049.com/singapore/partners,Confirmed 2026 sponsor
Jumio,Silver Sponsor,,https://cdn.prod.website-files.com/6756df8f05088bc3e51c64ea/6a3a9453c17822ec8e8b9200_Jumio.png,,TOKEN2049 Singapore,2026,https://www.token2049.com/singapore/partners,Confirmed 2026 sponsor
LunaPR,Silver Sponsor,,https://cdn.prod.website-files.com/6756df8f05088bc3e51c64ea/6a3a9432dbf521d9a6491481_LunaPR.png,,TOKEN2049 Singapore,2026,https://www.token2049.com/singapore/partners,Confirmed 2026 sponsor
Magnetto,Silver Sponsor,,https://cdn.prod.website-files.com/6756df8f05088bc3e51c64ea/6a3a9453c17822ec8e8b91ea_Magnetto.png,,TOKEN2049 Singapore,2026,https://www.token2049.com/singapore/partners,Confirmed 2026 sponsor
MST Blockchain,Silver Sponsor,,https://cdn.prod.website-files.com/6756df8f05088bc3e51c64ea/6a3a9453c17822ec8e8b91ed_MST-Blockchain.png,,TOKEN2049 Singapore,2026,https://www.token2049.com/singapore/partners,Confirmed 2026 sponsor
n.exchange,Silver Sponsor,,https://cdn.prod.website-files.com/6756df8f05088bc3e51c64ea/6a3a9453c17822ec8e8b91e6_N.Exchange.png,,TOKEN2049 Singapore,2026,https://www.token2049.com/singapore/partners,Confirmed 2026 sponsor
OVHcloud,Silver Sponsor,,https://cdn.prod.website-files.com/6756df8f05088bc3e51c64ea/6a3a9458c17822ec8e8b9335_OVHCloud.png,,TOKEN2049 Singapore,2026,https://www.token2049.com/singapore/partners,Confirmed 2026 sponsor
PAX Markets,Silver Sponsor,,https://cdn.prod.website-files.com/6756df8f05088bc3e51c64ea/6a3a9453c17822ec8e8b91fd_PAX-Markets.png,,TOKEN2049 Singapore,2026,https://www.token2049.com/singapore/partners,Confirmed 2026 sponsor
PhotonPay,Silver Sponsor,,https://cdn.prod.website-files.com/6756df8f05088bc3e51c64ea/6a3a9453c17822ec8e8b91f7_PhotonPay.png,,TOKEN2049 Singapore,2026,https://www.token2049.com/singapore/partners,Confirmed 2026 sponsor
PlanX,Silver Sponsor,,https://cdn.prod.website-files.com/6756df8f05088bc3e51c64ea/6a3a9458c17822ec8e8b9332_PlanX.png,,TOKEN2049 Singapore,2026,https://www.token2049.com/singapore/partners,Confirmed 2026 sponsor
SilverTimes,Silver Sponsor,,https://cdn.prod.website-files.com/6756df8f05088bc3e51c64ea/6a3a9458c17822ec8e8b9338_SilverTimes.png,,TOKEN2049 Singapore,2026,https://www.token2049.com/singapore/partners,Confirmed 2026 sponsor
Summ,Silver Sponsor,,https://cdn.prod.website-files.com/6756df8f05088bc3e51c64ea/6a3a9453c17822ec8e8b9203_Summ.png,,TOKEN2049 Singapore,2026,https://www.token2049.com/singapore/partners,Confirmed 2026 sponsor
Trade stars,Silver Sponsor,,https://cdn.prod.website-files.com/6756df8f05088bc3e51c64ea/6a3a9458c17822ec8e8b933b_TradeStars.png,,TOKEN2049 Singapore,2026,https://www.token2049.com/singapore/partners,Confirmed 2026 sponsor
Universe Pro,Silver Sponsor,,https://cdn.prod.website-files.com/6756df8f05088bc3e51c64ea/6a3a9458c17822ec8e8b932a_UniversePro.png,,TOKEN2049 Singapore,2026,https://www.token2049.com/singapore/partners,Confirmed 2026 sponsor
UPay,Silver Sponsor,,https://cdn.prod.website-files.com/6756df8f05088bc3e51c64ea/6a3a9458c17822ec8e8b9324_UPay.png,,TOKEN2049 Singapore,2026,https://www.token2049.com/singapore/partners,Confirmed 2026 sponsor
Utila,Silver Sponsor,,https://cdn.prod.website-files.com/6756df8f05088bc3e51c64ea/6a3a9458c17822ec8e8b932d_Utila.png,,TOKEN2049 Singapore,2026,https://www.token2049.com/singapore/partners,Confirmed 2026 sponsor
ZAN,Silver Sponsor,,https://cdn.prod.website-files.com/6756df8f05088bc3e51c64ea/6a3a9458c17822ec8e8b9321_Zan.png,,TOKEN2049 Singapore,2026,https://www.token2049.com/singapore/partners,Confirmed 2026 sponsor
ZEX PR WIRE,Silver Sponsor,,https://cdn.prod.website-files.com/6756df8f05088bc3e51c64ea/6a3a9458c17822ec8e8b931e_ZEX-PR-Wire.png,,TOKEN2049 Singapore,2026,https://www.token2049.com/singapore/partners,Confirmed 2026 sponsor
Zircon Securities,Silver Sponsor,,https://cdn.prod.website-files.com/6756df8f05088bc3e51c64ea/6a3a9458c17822ec8e8b9327_Zircon-Securities.png,,TOKEN2049 Singapore,2026,https://www.token2049.com/singapore/partners,Confirmed 2026 sponsor
Audemars Piguet,Lifestyle Partner,,https://cdn.prod.website-files.com/6756df8f05088bc3e51c64ea/68d15a0b8f77c992b284480f_AgVNLlYaJ2IGZ3Naa26mCMaFJt5ml3CljaAYJ6d9vKc.png,,TOKEN2049 Singapore,2026,https://www.token2049.com/singapore/partners,Carried over from 2025 lineup (per page label)
McLaren,Lifestyle Partner,,https://cdn.prod.website-files.com/6756df8f05088bc3e51c64ea/68d15a0d6c5c7afb9b2fb956_EhvO0DlrDLMUJPIGYVbMaTf9TzYVl7pg3e9EclwSKC4.png,,TOKEN2049 Singapore,2026,https://www.token2049.com/singapore/partners,Carried over from 2025 lineup (per page label)
Sotheby’s,Lifestyle Partner,,https://cdn.prod.website-files.com/6756df8f05088bc3e51c64ea/68d15a135235e1e52af23ba0_RCGJOAvgmPTi2-hG1Zvq_bxUM9z5Knn7dzPib-N05dU.png,,TOKEN2049 Singapore,2026,https://www.token2049.com/singapore/partners,Carried over from 2025 lineup (per page label)
Moët Hennessy Diageo (MHD),Lifestyle Partner,,https://cdn.prod.website-files.com/6756df8f05088bc3e51c64ea/68d15a157c66a41bf1bd98d4_qOYo3xwRizcB9Qa9w5M6XYiAPudNWDT1aesRyH7Bk3k.avif,,TOKEN2049 Singapore,2026,https://www.token2049.com/singapore/partners,Carried over from 2025 lineup (per page label)
Mandarin Oriental,Lifestyle Partner,,https://cdn.prod.website-files.com/6756df8f05088bc3e51c64ea/68d15a185797d81ec5cf77da_gI5PKccBW_xfAsl81dbJWVKY-sUrty8fhqantkvp4_k.svg,,TOKEN2049 Singapore,2026,https://www.token2049.com/singapore/partners,Carried over from 2025 lineup (per page label)
Marina Bay Sands,Lifestyle Partner,,https://cdn.prod.website-files.com/6756df8f05088bc3e51c64ea/690da9caad8b104d46309956_4d6ELU_yUdpb5w2n6KCvyisFg91Sc23UG4ALLe57b8M.png,,TOKEN2049 Singapore,2026,https://www.token2049.com/singapore/partners,Carried over from 2025 lineup (per page label)
Jumeirah,Lifestyle Partner,,https://cdn.prod.website-files.com/6756df8f05088bc3e51c64ea/690da9cc44c40c87f349f35e_jqEp4TxRBqsiJRZKWBCTImMds3xUnv_4Oi4uab4wEFY.png,,TOKEN2049 Singapore,2026,https://www.token2049.com/singapore/partners,Carried over from 2025 lineup (per page label)
Nobu,Lifestyle Partner,,https://cdn.prod.website-files.com/6756df8f05088bc3e51c64ea/690da9d0b4badc43167ba069_PXkOovwjn73dNCuYlKZX_UAfUblf6vgQfZNGsciXm3Y.png,,TOKEN2049 Singapore,2026,https://www.token2049.com/singapore/partners,Carried over from 2025 lineup (per page label)
Ruinart,Lifestyle Partner,,https://cdn.prod.website-files.com/6756df8f05088bc3e51c64ea/68d15a1f2a9a9b37af52c58b_yrfsc31gTBlXGGmrXocbNJI7ESSpLwwKZZBEoOOFp6k.avif,,TOKEN2049 Singapore,2026,https://www.token2049.com/singapore/partners,Carried over from 2025 lineup (per page label)
Blueprint,Lifestyle Partner,,https://cdn.prod.website-files.com/6756df8f05088bc3e51c64ea/690da9d49f1ff719a3682a6c_a6P0Y6siG80JeIfsqKTE1GOCnXi_yGi8A5ODTI1Pyqw.png,,TOKEN2049 Singapore,2026,https://www.token2049.com/singapore/partners,Carried over from 2025 lineup (per page label)
Bryan Johnson,Lifestyle Partner,,https://cdn.prod.website-files.com/6756df8f05088bc3e51c64ea/690da9d6bb6805f44c2a009f_UtGOhmxA71IlQc833JyykKcpA8VG98j8fxjxFuYw21w.png,,TOKEN2049 Singapore,2026,https://www.token2049.com/singapore/partners,Carried over from 2025 lineup (per page label)
XO (VistaJet),Lifestyle Partner,,https://cdn.prod.website-files.com/6756df8f05088bc3e51c64ea/690da9d76e2711fe3cc283b6_CfETjAKsuR4k2qDmMAy6fMhHDA8a1rcSWGehpJAy49c.png,,TOKEN2049 Singapore,2026,https://www.token2049.com/singapore/partners,Carried over from 2025 lineup (per page label)
Capella,Lifestyle Partner,,https://cdn.prod.website-files.com/6756df8f05088bc3e51c64ea/690da9d94c9d5a698ec482fd_7O1FJLJgoTwn9cH0Rl2czKtZz0r55Ab_gAmhRbq0UmY.png,,TOKEN2049 Singapore,2026,https://www.token2049.com/singapore/partners,Carried over from 2025 lineup (per page label)
National Gallery Singapore,Lifestyle Partner,,https://cdn.prod.website-files.com/6756df8f05088bc3e51c64ea/690da9da29497ebf0f7d9501_wJEMthosvFQtocxUlIG_CVEHM_FM_VzKm6YCM7X-2jw.png,,TOKEN2049 Singapore,2026,https://www.token2049.com/singapore/partners,Carried over from 2025 lineup (per page label)
Wristcheck,Lifestyle Partner,,https://cdn.prod.website-files.com/6756df8f05088bc3e51c64ea/690da9dc45a1c99c3f8b197c_lg4eTbFX3w-N6TD2WMJdr5JkxeN_JAqKgNKRQcwFBE0.png,,TOKEN2049 Singapore,2026,https://www.token2049.com/singapore/partners,Carried over from 2025 lineup (per page label)
JAI by One Siam,Lifestyle Partner,,https://cdn.prod.website-files.com/6756df8f05088bc3e51c64ea/690da9ddd77bedd17fcb99bf_0_8DavvP0Zq48wuoiYh3QejPV7s96d9eZRLI1QZDgOQ.png,,TOKEN2049 Singapore,2026,https://www.token2049.com/singapore/partners,Carried over from 2025 lineup (per page label)
Ralph Lauren,Lifestyle Partner,,https://cdn.prod.website-files.com/6756df8f05088bc3e51c64ea/68d973246e9c04ee80f831d9_lcZChpPiN-2ADFGvVMNhjQo3va0AFm7nRe4z3VEifIk.svg,,TOKEN2049 Singapore,2026,https://www.token2049.com/singapore/partners,Carried over from 2025 lineup (per page label)
Hedley Studios,Lifestyle Partner,,https://cdn.prod.website-files.com/6756df8f05088bc3e51c64ea/690da9e044c40c87f349fe45_W8WFiTyw3aMDEjiBs2XnnW0URsNwioDrk0yfTviZAcc.png,,TOKEN2049 Singapore,2026,https://www.token2049.com/singapore/partners,Carried over from 2025 lineup (per page label)
Tatler Asia,Lifestyle Partner,,https://cdn.prod.website-files.com/6756df8f05088bc3e51c64ea/68d15a332a9a9b37af52d28c_pEgmqP9IB2j4EgFwLKiqQoth4z72BTRsXKfDPvkvOq4.svg,,TOKEN2049 Singapore,2026,https://www.token2049.com/singapore/partners,Carried over from 2025 lineup (per page label)
IM8,Lifestyle Partner,,https://cdn.prod.website-files.com/6756df8f05088bc3e51c64ea/68d15a362856d3e957696314_R8-x0RKBpvQImXi3Xvcmn02uHddl04V3RjcPRGsQxuo.svg,,TOKEN2049 Singapore,2026,https://www.token2049.com/singapore/partners,Carried over from 2025 lineup (per page label)
Elyx,Lifestyle Partner,,https://cdn.prod.website-files.com/6756df8f05088bc3e51c64ea/690da9e44c9d5a698ec48914_KfL1Ks0Dh-6S2S2JBqWTqtGMIrm9o_V8LhImqCf8zuw.png,,TOKEN2049 Singapore,2026,https://www.token2049.com/singapore/partners,Carried over from 2025 lineup (per page label)
Bloomberg,Media Partner,,https://cdn.prod.website-files.com/6756df8f05088bc3e51c64ea/6914046d22aa0440cd3d88ed_GEefjkXsgL6pJvYnoC9rCIgZL_H7MUnGrB-FrQyvEXg.png,,TOKEN2049 Singapore,2026,https://www.token2049.com/singapore/partners,Carried over from 2025 lineup (per page label)
CNBC,Media Partner,,https://cdn.prod.website-files.com/6756df8f05088bc3e51c64ea/69140470bbfcda586b463768_sGJjS5xJ0x-x-Dh8KP3B7Ww9SUWjIOXuEO3KJ_rvAhw.png,,TOKEN2049 Singapore,2026,https://www.token2049.com/singapore/partners,Carried over from 2025 lineup (per page label)
The Wall Street Journal,Media Partner,,https://cdn.prod.website-files.com/6756df8f05088bc3e51c64ea/690da5f7db02cef4064e891e_-305XNXb__bEKqsiW8Vn4sa5jszw-nZASJb5_fWeRNc.png,,TOKEN2049 Singapore,2026,https://www.token2049.com/singapore/partners,Carried over from 2025 lineup (per page label)
Financial Times,Media Partner,,https://cdn.prod.website-files.com/6756df8f05088bc3e51c64ea/6914047b7c2303764e60c1cf_kOLGSrUGXksH3uW-6zdHth44IgddW2Jnknw-6uPXEw4.png,,TOKEN2049 Singapore,2026,https://www.token2049.com/singapore/partners,Carried over from 2025 lineup (per page label)
New York Times,Media Partner,,https://cdn.prod.website-files.com/6756df8f05088bc3e51c64ea/690da5fbb4badc431679573d_sC5pwczFXkuLVYhQKbX8Dhytrhg72Ijdl0BuM4eU0MU.png,,TOKEN2049 Singapore,2026,https://www.token2049.com/singapore/partners,Carried over from 2025 lineup (per page label)
BBC,Media Partner,,https://cdn.prod.website-files.com/6756df8f05088bc3e51c64ea/690da5ff174f52429289b4b8_18Ehu-AZgn3NiXlA-H0ejzeLqy2GhpfWUGMptH44QYw.png,,TOKEN2049 Singapore,2026,https://www.token2049.com/singapore/partners,Carried over from 2025 lineup (per page label)
CNN,Media Partner,,https://cdn.prod.website-files.com/6756df8f05088bc3e51c64ea/690da600db02cef4064e8d8e_0jjzD2tqX8KeZ9usE5739iBoC-skWsVOcO_jnb8dUlA.png,,TOKEN2049 Singapore,2026,https://www.token2049.com/singapore/partners,Carried over from 2025 lineup (per page label)
Reuters,Media Partner,,https://cdn.prod.website-files.com/6756df8f05088bc3e51c64ea/6914048240bb7ca15a625b52_FdkOUJAD2cEtPuxC3eIctij6KRJKFTWuPrCGHzenQeU.png,,TOKEN2049 Singapore,2026,https://www.token2049.com/singapore/partners,Carried over from 2025 lineup (per page label)
Forbes,Media Partner,,https://cdn.prod.website-files.com/6756df8f05088bc3e51c64ea/691404808f47b05a5aa254cb_TUPhaPBDI5M2NotajB-WOnm2EieA0VkZDBWP1CRnyX4.png,,TOKEN2049 Singapore,2026,https://www.token2049.com/singapore/partners,Carried over from 2025 lineup (per page label)
CNA,Media Partner,,https://cdn.prod.website-files.com/6756df8f05088bc3e51c64ea/690da6ac9f1ff719a3660223_IxzwBkypjt6m5kxUa9hvbaWRCVOAiJOIqusqVqeGRmY.png,,TOKEN2049 Singapore,2026,https://www.token2049.com/singapore/partners,Carried over from 2025 lineup (per page label)
SCMP,Media Partner,,https://cdn.prod.website-files.com/6756df8f05088bc3e51c64ea/690da6adbe2dc786cfe819c1_DC_Uo4-QWoDqJpQ5AVl2z7_WIQOxBIDYJHokj72K1DM.png,,TOKEN2049 Singapore,2026,https://www.token2049.com/singapore/partners,Carried over from 2025 lineup (per page label)
Nikkei,Media Partner,,https://cdn.prod.website-files.com/6756df8f05088bc3e51c64ea/690da6afc3c6ddb3c2df12a8_9ZwkvDhksIf2WtStW3dlPU4Jhjdt38BDJsGsFxD14DA.png,,TOKEN2049 Singapore,2026,https://www.token2049.com/singapore/partners,Carried over from 2025 lineup (per page label)
The Business Times,Media Partner,,https://cdn.prod.website-files.com/6756df8f05088bc3e51c64ea/68bba814747cc06e6b2052e5_hAiyZt9w3jnLSYmoRJz-y6L-pICcXH4_AtSQZobAx4o.png,,TOKEN2049 Singapore,2026,https://www.token2049.com/singapore/partners,Carried over from 2025 lineup (per page label)
The Straits Times,Media Partner,,https://cdn.prod.website-files.com/6756df8f05088bc3e51c64ea/690da6b552395be292a5cf65_nT1WdPZ2ESGbHu9QcVfpQbbHXXxXnoOlmDqFFUJl6Xo.png,,TOKEN2049 Singapore,2026,https://www.token2049.com/singapore/partners,Carried over from 2025 lineup (per page label)
CoinDesk,Media Partner,,https://cdn.prod.website-files.com/6756df8f05088bc3e51c64ea/6912ffe4d1cbbcab51a7aab5_SCTzUlrAf9OmEs75y5Pdh2JCelW4t4emwbjhRb6bWH8.avif,,TOKEN2049 Singapore,2026,https://www.token2049.com/singapore/partners,Carried over from 2025 lineup (per page label)
The Block,Media Partner,,https://cdn.prod.website-files.com/6756df8f05088bc3e51c64ea/690da92944c40c87f34983d6_Z1_ZM5HRft5is5vN3Gfge6Gq-ionYNwIAi_aWBSR1_o.png,,TOKEN2049 Singapore,2026,https://www.token2049.com/singapore/partners,Carried over from 2025 lineup (per page label)
Decrypt,Media Partner,,https://cdn.prod.website-files.com/6756df8f05088bc3e51c64ea/690da92b2c60698584fefe16_oGZY4v15yZtFm6-fwkJrKoblAPkc160Ner-c1XkNlMo.png,,TOKEN2049 Singapore,2026,https://www.token2049.com/singapore/partners,Carried over from 2025 lineup (per page label)
Blockworks,Media Partner,,https://cdn.prod.website-files.com/6756df8f05088bc3e51c64ea/690da92d2c60698584ff011f_ouQRDiK4xYhlPsyUqR0H8YOBc8YaXZt3AvinjL-gl5Y.png,,TOKEN2049 Singapore,2026,https://www.token2049.com/singapore/partners,Carried over from 2025 lineup (per page label)
Cointelegraph,Media Partner,,https://cdn.prod.website-files.com/6756df8f05088bc3e51c64ea/690da930b4badc43167b2e85_nnFm86Ab2-BFE2xwjzQpETA41a1BMG249uEbjj0PihM.png,,TOKEN2049 Singapore,2026,https://www.token2049.com/singapore/partners,Carried over from 2025 lineup (per page label)
BeinCrypto,Media Partner,,https://cdn.prod.website-files.com/6756df8f05088bc3e51c64ea/690da9afad8f90b5e9dd8c40_EOsdeOfKUEJEzgewjWKTt9Tx_o9HobY4rzoKJtASOcs.png,,TOKEN2049 Singapore,2026,https://www.token2049.com/singapore/partners,Carried over from 2025 lineup (per page label)
Blockchain Business School,Education Partner,,https://cdn.prod.website-files.com/6756df8f05088bc3e51c64ea/68c7b7688fe5416ed5b9b223_jzBPIizRKzsR2OK-3-UVPv8brspCyKsKU7wzCtInLvg.svg,,TOKEN2049 Singapore,2026,https://www.token2049.com/singapore/partners,Carried over from 2025 lineup (per page label)
Blockchain Council,Education Partner,,https://cdn.prod.website-files.com/6756df8f05088bc3e51c64ea/68c7b76937d7ae55576bc9f4_vHPns8mjByOdgYuBK1dAILHGlb_nSrFR8oUlj4Av9-8.svg,,TOKEN2049 Singapore,2026,https://www.token2049.com/singapore/partners,Carried over from 2025 lineup (per page label)
DecentraClasses,Education Partner,,https://cdn.prod.website-files.com/6756df8f05088bc3e51c64ea/68c7b7662fc6c6ac1d8bf0fc_OtmkRNIwWrre82EJ47y9mOj6tSWRlmYaQZMgCOQmSrg.png,,TOKEN2049 Singapore,2026,https://www.token2049.com/singapore/partners,Carried over from 2025 lineup (per page label)
Fu Jen Catholic University Finance Lab,Education Partner,,https://cdn.prod.website-files.com/6756df8f05088bc3e51c64ea/690da56dbb6805f44c288449_SQ6L6gSJBGKHJWome3GqqSY7NsQbZ2_-HDvuDYY8Fnw.jpeg,,TOKEN2049 Singapore,2026,https://www.token2049.com/singapore/partners,Carried over from 2025 lineup (per page label)
HKU Quantitative Research Society,Education Partner,,https://cdn.prod.website-files.com/6756df8f05088bc3e51c64ea/68c7b76d36ce07ba68e472e3_rHM9kaNpHdE7raEAg3PGCqI0YNjainrumwclZeMF6DU.png,,TOKEN2049 Singapore,2026,https://www.token2049.com/singapore/partners,Carried over from 2025 lineup (per page label)
Kryptosphere DeVinci,Education Partner,,https://cdn.prod.website-files.com/6756df8f05088bc3e51c64ea/690da57052395be292a59f52_4VWBBLOrqJ33tMlmW0_c0ySJQRBd0KTLtvQMjnI5x44.jpeg,,TOKEN2049 Singapore,2026,https://www.token2049.com/singapore/partners,Carried over from 2025 lineup (per page label)
Monash Blockchain Club,Education Partner,,https://cdn.prod.website-files.com/6756df8f05088bc3e51c64ea/690da571a16472f2c8c0b1b1_-IZrGdpecsuG1NwlylLCLt_j0VIYXW7s-74kr31XdrU.png,,TOKEN2049 Singapore,2026,https://www.token2049.com/singapore/partners,Carried over from 2025 lineup (per page label)
Nanyang Technological University,Education Partner,,https://cdn.prod.website-files.com/6756df8f05088bc3e51c64ea/690da573db02cef4064e6f89_HZlKhoeQJHFvC1bSffaCOZrEFQ5OISoN57XkYY3h9sY.png,,TOKEN2049 Singapore,2026,https://www.token2049.com/singapore/partners,Carried over from 2025 lineup (per page label)
NCHU Blockchain Club,Education Partner,,https://cdn.prod.website-files.com/6756df8f05088bc3e51c64ea/690da574b4badc431678c41a_iu6z2f8fLzwSMr04cCFXWTMfJ8VQGFIy0oLMzHEdYqY.jpeg,,TOKEN2049 Singapore,2026,https://www.token2049.com/singapore/partners,Carried over from 2025 lineup (per page label)
Node Z,Education Partner,,https://cdn.prod.website-files.com/6756df8f05088bc3e51c64ea/690da5762448f1afec191b7f_BBLguIOssdjyyLQKxpDz4oGG-nZiqQTrX1x7pZ3F4N8.png,,TOKEN2049 Singapore,2026,https://www.token2049.com/singapore/partners,Carried over from 2025 lineup (per page label)
Princeton Blockchain Club,Education Partner,,https://cdn.prod.website-files.com/6756df8f05088bc3e51c64ea/68c7b776052fdcd38265aeaa_nv7x9IJwml1A57yk_ER38uAFJJE9SCruIfvb7hdmNCk.png,,TOKEN2049 Singapore,2026,https://www.token2049.com/singapore/partners,Carried over from 2025 lineup (per page label)
Sunway Blockchain Club,Education Partner,,https://cdn.prod.website-files.com/6756df8f05088bc3e51c64ea/68c7b7616e294a9c547f888c_LQsiBtORYWAODIi6aC9X1arGPpvIua1OMcOMVGiR1gI.png,,TOKEN2049 Singapore,2026,https://www.token2049.com/singapore/partners,Carried over from 2025 lineup (per page label)
Taiwan Blockchain Academia,Education Partner,,https://cdn.prod.website-files.com/6756df8f05088bc3e51c64ea/68c7b7644953e80533eeeb3a_93-Uj-5ks4izHvTmqU0H1pGIPWqAbeCbUkO5f-nEMGk.png,,TOKEN2049 Singapore,2026,https://www.token2049.com/singapore/partners,Carried over from 2025 lineup (per page label)
Taylor’s University Blockchain Club,Education Partner,,https://cdn.prod.website-files.com/6756df8f05088bc3e51c64ea/68c7b778827c73ac42e24f1c_gFhBaOjdvscQei5qb3ESdyyQ4X8Ly94cm2S5baLbN4w.png,,TOKEN2049 Singapore,2026,https://www.token2049.com/singapore/partners,Carried over from 2025 lineup (per page label)
Uweb（university of web3),Education Partner,,https://cdn.prod.website-files.com/6756df8f05088bc3e51c64ea/68c7b77a36ce07ba68e477af_vMtWuZM2FowTPVLO3sp0I2g8MC2wPLt8EKxxC_tR1C0.png,,TOKEN2049 Singapore,2026,https://www.token2049.com/singapore/partners,Carried over from 2025 lineup (per page label)
1783DAO,Community Partner,,https://cdn.prod.website-files.com/6756df8f05088bc3e51c64ea/690da5922448f1afec1926e3_RV4ge28K97lciawoliaP90qbI6F1Z1tx0Lvx2dJXBCo.png,,TOKEN2049 Singapore,2026,https://www.token2049.com/singapore/partners,Carried over from 2025 lineup (per page label)
499,Community Partner,,https://cdn.prod.website-files.com/6756df8f05088bc3e51c64ea/690da593be2dc786cfe7add1_UnOqEvhb_AtchcEsvACQqGNMoQMcu_OhYWxKFKhExyM.png,,TOKEN2049 Singapore,2026,https://www.token2049.com/singapore/partners,Carried over from 2025 lineup (per page label)
ABGA,Community Partner,,https://cdn.prod.website-files.com/6756df8f05088bc3e51c64ea/690da5a444c40c87f3479067_nSqiHu4TLbsUtzzUHLsX1zCxUP0uvxEwa4IIpejNSrI.png,,TOKEN2049 Singapore,2026,https://www.token2049.com/singapore/partners,Carried over from 2025 lineup (per page label)
ACTUALONE,Community Partner,,https://cdn.prod.website-files.com/6756df8f05088bc3e51c64ea/68cd2fdc8037aae9e662c228_0NfOqXbB9rl2Nbl7dMXSmOAK8qcNGe2_YM_VSejt2xo.png,,TOKEN2049 Singapore,2026,https://www.token2049.com/singapore/partners,Carried over from 2025 lineup (per page label)
Agent Daredevil | Daredevil Media | NewProntera,Community Partner,,https://cdn.prod.website-files.com/6756df8f05088bc3e51c64ea/690da5aa53bfc93b1b46ff61_WQjy-lBN3tLCroln2OmeglPZ0565kxhwdRVWmHMMOr8.jpeg,,TOKEN2049 Singapore,2026,https://www.token2049.com/singapore/partners,Carried over from 2025 lineup (per page label)
AGENTS CLAN,Community Partner,,https://cdn.prod.website-files.com/6756df8f05088bc3e51c64ea/690da5ab0e3618fbe31cd790_jDNYBCUwI2qEF6yeF0mrpPdnG77lzit3h3k6Uoz8Ti8.png,,TOKEN2049 Singapore,2026,https://www.token2049.com/singapore/partners,Carried over from 2025 lineup (per page label)
AI Insight,Community Partner,,https://cdn.prod.website-files.com/6756df8f05088bc3e51c64ea/68cd156de00e3ddbe46544f7__VRY7rRqqZCvon05XkkDfmCz_H2tVpgC9fjH2bkEo_U.svg,,TOKEN2049 Singapore,2026,https://www.token2049.com/singapore/partners,Carried over from 2025 lineup (per page label)
Allspark Research,Community Partner,,https://cdn.prod.website-files.com/6756df8f05088bc3e51c64ea/690da5afb4badc4316790665_LIdbd0wp-hPhO9C5mnxLacLFvg29b7fiZm-yT3zwneY.png,,TOKEN2049 Singapore,2026,https://www.token2049.com/singapore/partners,Carried over from 2025 lineup (per page label)
Altcointurk,Community Partner,,https://cdn.prod.website-files.com/6756df8f05088bc3e51c64ea/690da5d2be2dc786cfe7c9d1_I7xXw5PJcdxbQHftUN65S_tqtxtnZniOXG-Nl7sOmdA.png,,TOKEN2049 Singapore,2026,https://www.token2049.com/singapore/partners,Carried over from 2025 lineup (per page label)
APAC DAO,Community Partner,,https://cdn.prod.website-files.com/6756df8f05088bc3e51c64ea/690da5d704d9e5870af4abdc_UxECRNEO7sSZIEpqiTTY85ZWkvDHSzU3hbS5X2VpYGI.png,,TOKEN2049 Singapore,2026,https://www.token2049.com/singapore/partners,Carried over from 2025 lineup (per page label)
APH WEB3 (APAC Private Hub),Community Partner,,https://cdn.prod.website-files.com/6756df8f05088bc3e51c64ea/690da5d8b4badc43167933fd_vypqAoBnSLJ329uPErlrLgz6FDbM08HfjXdI82YlVBQ.jpeg,,TOKEN2049 Singapore,2026,https://www.token2049.com/singapore/partners,Carried over from 2025 lineup (per page label)
Aptos AlphaTeam,Community Partner,,https://cdn.prod.website-files.com/6756df8f05088bc3e51c64ea/690da5da174f524292899f78_z8_9Ug1Ln7Je9m7HYPhJJRkGAk42B4y5eYHuI83-_Fo.png,,TOKEN2049 Singapore,2026,https://www.token2049.com/singapore/partners,Carried over from 2025 lineup (per page label)
Arkreen Network,Community Partner,,https://cdn.prod.website-files.com/6756df8f05088bc3e51c64ea/690da5dcb4badc4316793602_so23-OEshvQFFljQZwrMJ5sUMsCuoFd4Ejfd7QFDzUQ.png,,TOKEN2049 Singapore,2026,https://www.token2049.com/singapore/partners,Carried over from 2025 lineup (per page label)
Association for Women in Cryptocurrency,Community Partner,,https://cdn.prod.website-files.com/6756df8f05088bc3e51c64ea/690da5dd2c60698584fe00aa_zHcJwP46LIHwhVD51ZRFXznw8lW1WNLIu6tlncptU54.jpeg,,TOKEN2049 Singapore,2026,https://www.token2049.com/singapore/partners,Carried over from 2025 lineup (per page label)
Association of Crypto Currency Enterprises and Start-ups Singapore (ACCESS),Community Partner,,https://cdn.prod.website-files.com/6756df8f05088bc3e51c64ea/690da5df0e3618fbe31cf48e__2_wnDiG_AiJ5ONkNu2GjrXSl7Qr-FcEb5-6m94dSnw.png,,TOKEN2049 Singapore,2026,https://www.token2049.com/singapore/partners,Carried over from 2025 lineup (per page label)
Atmos Protocol,Community Partner,,https://cdn.prod.website-files.com/6756df8f05088bc3e51c64ea/690da5e0174f52429289a442_ZjhOJuv1B6F6xSVfosKGExyX0n0Oglcm_79ET1xKHjk.png,,TOKEN2049 Singapore,2026,https://www.token2049.com/singapore/partners,Carried over from 2025 lineup (per page label)
BackersStage Capital,Community Partner,,https://cdn.prod.website-files.com/6756df8f05088bc3e51c64ea/68b456fcd564abe267c90acf_vQ1wogFRMEpJDdWlRUELIjrZoa5t-VRMH255JJBMR5s.png,,TOKEN2049 Singapore,2026,https://www.token2049.com/singapore/partners,Carried over from 2025 lineup (per page label)
BD GemX,Community Partner,,https://cdn.prod.website-files.com/6756df8f05088bc3e51c64ea/690da5f00e3618fbe31cfb91_BV22qX7veDAjKc0Z_NbzMGp6FWsP0wYpOTPGlgTXuYU.png,,TOKEN2049 Singapore,2026,https://www.token2049.com/singapore/partners,Carried over from 2025 lineup (per page label)
BD Ventures,Community Partner,,https://cdn.prod.website-files.com/6756df8f05088bc3e51c64ea/690da6050e3618fbe31d05d0_JOF4j6DvZKu4HKZbiEEyG1hbsgFEDYZ87UIBqNMF7rs.png,,TOKEN2049 Singapore,2026,https://www.token2049.com/singapore/partners,Carried over from 2025 lineup (per page label)
BHOPAL DAO,Community Partner,,https://cdn.prod.website-files.com/6756df8f05088bc3e51c64ea/690da606db02cef4064e9030_1uIe08BwhuhSL2jvqNq7CV846LOJBN6zbv1KCg6Bpp0.png,,TOKEN2049 Singapore,2026,https://www.token2049.com/singapore/partners,Carried over from 2025 lineup (per page label)
Bitcoin 比特幣中文社團,Community Partner,,https://cdn.prod.website-files.com/6756df8f05088bc3e51c64ea/690da607bb6805f44c28acc2_QNdhniCD_c7TC5E2aKGICr2WhC8kvxf_0xQcoGhkRqk.jpeg,,TOKEN2049 Singapore,2026,https://www.token2049.com/singapore/partners,Carried over from 2025 lineup (per page label)
Bitcoin Addict Thailand,Community Partner,,https://cdn.prod.website-files.com/6756df8f05088bc3e51c64ea/690da609ed8ae6b07532f164_v797Cul__J7iElWuO5J7BdfA5kR5Py3zhyfhW3gK4Tw.png,,TOKEN2049 Singapore,2026,https://www.token2049.com/singapore/partners,Carried over from 2025 lineup (per page label)
Bitcoin Square,Community Partner,,https://cdn.prod.website-files.com/6756df8f05088bc3e51c64ea/690da63a3abeb16f4be71e52_tv9-wrXer1LCTFvzrj3IWziEyhvUd6WOJQEfJxFR-zM.png,,TOKEN2049 Singapore,2026,https://www.token2049.com/singapore/partners,Carried over from 2025 lineup (per page label)
Biteye,Community Partner,,https://cdn.prod.website-files.com/6756df8f05088bc3e51c64ea/690da63fdb02cef4064e9fdc_Ywbp4mH6NNIYLwJKN3tFuy11OENEcXWsDBHcq5vILog.png,,TOKEN2049 Singapore,2026,https://www.token2049.com/singapore/partners,Carried over from 2025 lineup (per page label)
Blockchain Association Singapore,Community Partner,,https://cdn.prod.website-files.com/6756df8f05088bc3e51c64ea/6894b75ee0a73d8662a266ca_IQBgM1HKzCUHcaC2Vdh8hN7gofcT-kVVNFqUPLwOwrU.svg,,TOKEN2049 Singapore,2026,https://www.token2049.com/singapore/partners,Carried over from 2025 lineup (per page label)
Blockchain for Good Alliance (BGA),Community Partner,,https://cdn.prod.website-files.com/6756df8f05088bc3e51c64ea/690da65d9f1ff719a365dfd2_ZEiZmnPPWMoMlJNQclPlXD54RBfdRsVIcqWuZCd1tiY.png,,TOKEN2049 Singapore,2026,https://www.token2049.com/singapore/partners,Carried over from 2025 lineup (per page label)
Blockchain Lawyers Forum,Community Partner,,https://cdn.prod.website-files.com/6756df8f05088bc3e51c64ea/68b4506b9b501c075461171c_ZzZ1PVjz-heNIUPW2lhr6sF-p3lDbbHTan_JuY_aJ1I.png,,TOKEN2049 Singapore,2026,https://www.token2049.com/singapore/partners,Carried over from 2025 lineup (per page label)
BlockDelta - DBE,Community Partner,,https://cdn.prod.website-files.com/6756df8f05088bc3e51c64ea/690da666b4badc431679a085_D_t37lZzDdsEYPahWqJ4JkFzU-d_WVSDCzGmmggsHso.png,,TOKEN2049 Singapore,2026,https://www.token2049.com/singapore/partners,Carried over from 2025 lineup (per page label)
BlockTalkers,Community Partner,,https://cdn.prod.website-files.com/6756df8f05088bc3e51c64ea/68b45062001ec618b3acc133_wYVl2gNTqQV_wgs5Y6sSQGJUodFOpQlF8fnT3HYn_Kc.png,,TOKEN2049 Singapore,2026,https://www.token2049.com/singapore/partners,Carried over from 2025 lineup (per page label)
Blocktempo動區動趨,Community Partner,,https://cdn.prod.website-files.com/6756df8f05088bc3e51c64ea/690da66cdb02cef4064eb865_Ik4atqI5JKFS7yn_2qTZuQrrQ6Ad6RGNbNmDuVb2OB0.png,,TOKEN2049 Singapore,2026,https://www.token2049.com/singapore/partners,Carried over from 2025 lineup (per page label)
boarding bridge DAO LLC,Community Partner,,https://cdn.prod.website-files.com/6756df8f05088bc3e51c64ea/68b45052193bb68ed31f6d8e_gfN67dWsuaOdeRn17MKZNcPJ6gddsK7yjDYrCb-Q7gg.png,,TOKEN2049 Singapore,2026,https://www.token2049.com/singapore/partners,Carried over from 2025 lineup (per page label)
caprishell,Community Partner,,https://cdn.prod.website-files.com/6756df8f05088bc3e51c64ea/68b456e9d1852018db4d86ed_jF83G6GWHw3QQ0PLN6sAg74djjcJmTZsdoEa1sPKdSU.png,,TOKEN2049 Singapore,2026,https://www.token2049.com/singapore/partners,Carried over from 2025 lineup (per page label)
Captain Capital,Community Partner,,https://cdn.prod.website-files.com/6756df8f05088bc3e51c64ea/68b456f5d564abe267c9051c_zhoIwUIU-F9V4TK4_xhp8k2IUIPvjroS-hw0yzmKt3o.png,,TOKEN2049 Singapore,2026,https://www.token2049.com/singapore/partners,Carried over from 2025 lineup (per page label)
Chaintrade Collective,Community Partner,,https://cdn.prod.website-files.com/6756df8f05088bc3e51c64ea/68b456ee5cab43153f18774a_adsGFsfNJ9e0-q-K3kcFlA5lG17jwA7AGK-7Fv5sA7E.png,,TOKEN2049 Singapore,2026,https://www.token2049.com/singapore/partners,Carried over from 2025 lineup (per page label)
ChainWire,Community Partner,,https://cdn.prod.website-files.com/6756df8f05088bc3e51c64ea/68be8a4be71e4774e8f719c4_3vtqojDtFI_cNSN7M-xFEP28rf6phEKq7UzdVIg576I.svg,,TOKEN2049 Singapore,2026,https://www.token2049.com/singapore/partners,Carried over from 2025 lineup (per page label)
Club Satoshi,Community Partner,,https://cdn.prod.website-files.com/6756df8f05088bc3e51c64ea/690da69a174f52429289ec4d_TGn_iJleSy3erCcOLRuhj3J3rzPi60qKYplfRBUmRkk.png,,TOKEN2049 Singapore,2026,https://www.token2049.com/singapore/partners,Carried over from 2025 lineup (per page label)
Cryptita Plays,Community Partner,,https://cdn.prod.website-files.com/6756df8f05088bc3e51c64ea/68b4505fd1852018db4a6fb6_4yyjBKodmJOv7TW8UTPEsMqy86-b9_WmxPW3t9sfb5M.png,,TOKEN2049 Singapore,2026,https://www.token2049.com/singapore/partners,Carried over from 2025 lineup (per page label)
Crypto Data Space,Community Partner,,https://cdn.prod.website-files.com/6756df8f05088bc3e51c64ea/690da6e2d7500447ae644013_wyJWbAmFCm8ApFTqaOVCm2vv7D0hBRSpwdWasRbvRQU.png,,TOKEN2049 Singapore,2026,https://www.token2049.com/singapore/partners,Carried over from 2025 lineup (per page label)
Crypto Hiroba,Community Partner,,https://cdn.prod.website-files.com/6756df8f05088bc3e51c64ea/690da6e445a1c99c3f89f7ff_DF9ZxTnPeG25d8PzCMM742CkvuzbyX_JRXzTySJJXRk.png,,TOKEN2049 Singapore,2026,https://www.token2049.com/singapore/partners,Carried over from 2025 lineup (per page label)
Crypto Nomads Club,Community Partner,,https://cdn.prod.website-files.com/6756df8f05088bc3e51c64ea/690da6e53abeb16f4be764ab_t3eAdvE6WTRTZsWbJi9aMWTsDie8znFEA2nm4bNeoPg.png,,TOKEN2049 Singapore,2026,https://www.token2049.com/singapore/partners,Carried over from 2025 lineup (per page label)
Crypto Valley Association,Community Partner,,https://cdn.prod.website-files.com/6756df8f05088bc3e51c64ea/690da6e844c40c87f347ff90_jV44RxDW6gDxPz6pl90n8mBIf2Qo9h1r7jw3sjoVEfE.png,,TOKEN2049 Singapore,2026,https://www.token2049.com/singapore/partners,Carried over from 2025 lineup (per page label)
CRYPTOFEMALE,Community Partner,,https://cdn.prod.website-files.com/6756df8f05088bc3e51c64ea/690da6edc3c6ddb3c2df4778_GvshQUwkzx72VMmR97Hr5UzmPIF8q5PbFQgpVuwYN8s.png,,TOKEN2049 Singapore,2026,https://www.token2049.com/singapore/partners,Carried over from 2025 lineup (per page label)
CryptoMondays London,Community Partner,,https://cdn.prod.website-files.com/6756df8f05088bc3e51c64ea/690da6ee53bfc93b1b474013_3rlSUSyXHtOHzCGVKKWt-8wrOcwZbV20wRR6Oz-YyTo.png,,TOKEN2049 Singapore,2026,https://www.token2049.com/singapore/partners,Carried over from 2025 lineup (per page label)
Cryptorank,Community Partner,,https://cdn.prod.website-files.com/6756df8f05088bc3e51c64ea/68b450389b501c075460f9d2_SUGE1eq3-qUFQqeYL0uv6SRbYr8iT4lM7KMhQ1hBZFQ.png,,TOKEN2049 Singapore,2026,https://www.token2049.com/singapore/partners,Carried over from 2025 lineup (per page label)
Decentral House,Community Partner,,https://cdn.prod.website-files.com/6756df8f05088bc3e51c64ea/690da70d53bfc93b1b474ff1_xLk0PdDeRrjlLNwB_SuEcfnCrvd5nHm2WmCg_5n6Gpw.png,,TOKEN2049 Singapore,2026,https://www.token2049.com/singapore/partners,Carried over from 2025 lineup (per page label)
Decentrix Africa,Community Partner,,https://cdn.prod.website-files.com/6756df8f05088bc3e51c64ea/68b4504abe0c511439aa5e59_qjOk97qGfvS1_QK2qPKh8m_ljpPjzWHVZYv2MfhTsL4.png,,TOKEN2049 Singapore,2026,https://www.token2049.com/singapore/partners,Carried over from 2025 lineup (per page label)
DePinDay,Community Partner,,https://cdn.prod.website-files.com/6756df8f05088bc3e51c64ea/690da71449068ce5a0a63589_4tuRGvO6c2Nu3PM0FRy4GgXSg0qulSi7-LBOh5_MJqk.png,,TOKEN2049 Singapore,2026,https://www.token2049.com/singapore/partners,Carried over from 2025 lineup (per page label)
DGroup Capital,Community Partner,,https://cdn.prod.website-files.com/6756df8f05088bc3e51c64ea/690da71612ab0e92130981b9_4WyAFPRW9_uEdKh6mUPvndfQIeqWwgJ5tf_07-Nvk9w.png,,TOKEN2049 Singapore,2026,https://www.token2049.com/singapore/partners,Carried over from 2025 lineup (per page label)
Family Offices Investors Summit,Community Partner,,https://cdn.prod.website-files.com/6756df8f05088bc3e51c64ea/690da73bbb6805f44c28d795_QMdff8zIm5rj6ccDSTnCY7spBZMn8O_x5aIN_V9ahcI.png,,TOKEN2049 Singapore,2026,https://www.token2049.com/singapore/partners,Carried over from 2025 lineup (per page label)
Fluxor,Community Partner,,https://cdn.prod.website-files.com/6756df8f05088bc3e51c64ea/690da75a6e7623b6eea00bed_ngH_Z1lLjYKSz5U067z5AAWCXPssGROSc8E9jyNRJOU.png,,TOKEN2049 Singapore,2026,https://www.token2049.com/singapore/partners,Carried over from 2025 lineup (per page label)
FWX Community,Community Partner,,https://cdn.prod.website-files.com/6756df8f05088bc3e51c64ea/68b450563be39756a8b46121_g1qM8tJZC2RAWTYtN2qtIN6QweyMcfzPdioMmPY24r8.png,,TOKEN2049 Singapore,2026,https://www.token2049.com/singapore/partners,Carried over from 2025 lineup (per page label)
GameMine Alliance（GMA）,Community Partner,,https://cdn.prod.website-files.com/6756df8f05088bc3e51c64ea/690da76945a1c99c3f8a3917__K4vPW6NRZoZm8TyNh2PzZ7Tmcirl_xYecyOuCFQbEU.png,,TOKEN2049 Singapore,2026,https://www.token2049.com/singapore/partners,Carried over from 2025 lineup (per page label)
GFI Research,Community Partner,,https://cdn.prod.website-files.com/6756df8f05088bc3e51c64ea/690da76bb4badc43167a3199_2xYbwrQ_X0X5NjhNkBpXopWVsOCrTuhDQkxCjV6x2Y0.png,,TOKEN2049 Singapore,2026,https://www.token2049.com/singapore/partners,Carried over from 2025 lineup (per page label)
GFTN,Community Partner,,https://cdn.prod.website-files.com/6756df8f05088bc3e51c64ea/690da76c6b5af2491da620e1_5Ex4LedYxBR3d3yYbEyrHWficAbU2oUP_yzPzrWW6Hs.png,,TOKEN2049 Singapore,2026,https://www.token2049.com/singapore/partners,Carried over from 2025 lineup (per page label)
Global Coin Research,Community Partner,,https://cdn.prod.website-files.com/6756df8f05088bc3e51c64ea/68b456fa8da76888e5b63691_GG6FvzKMXmZ2lU7Cwpt3qJ3fcjBhDJZscrGhgjFbY8Y.png,,TOKEN2049 Singapore,2026,https://www.token2049.com/singapore/partners,Carried over from 2025 lineup (per page label)
global fintech institute,Community Partner,,https://cdn.prod.website-files.com/6756df8f05088bc3e51c64ea/68b450322c5ae5e54bee4859_vUdF62DBDLdOMMh--RUBDID5B9xO4Osra-muQLMf9kE.png,,TOKEN2049 Singapore,2026,https://www.token2049.com/singapore/partners,Carried over from 2025 lineup (per page label)
GoldZip,Community Partner,,https://cdn.prod.website-files.com/6756df8f05088bc3e51c64ea/68b4504cd39bd61c08e31d7b_-jg7M8kRLrA9tCFScp6Zy2um64erHL_Stl29CtCTPDQ.svg,,TOKEN2049 Singapore,2026,https://www.token2049.com/singapore/partners,Carried over from 2025 lineup (per page label)
Hack Seasons,Community Partner,,https://cdn.prod.website-files.com/6756df8f05088bc3e51c64ea/690da77dad8f90b5e9dbf49e_Vs5qdV-dRcOmzis0vqSgzBu7k5tH8Wd6KtxpGZKI-_E.png,,TOKEN2049 Singapore,2026,https://www.token2049.com/singapore/partners,Carried over from 2025 lineup (per page label)
Hamorny,Community Partner,,https://cdn.prod.website-files.com/6756df8f05088bc3e51c64ea/68b456ec2812f4d0e2b86922_mQUgIlXn4qwG0wIMhrCZ95tXo1P6-x8tGGlNcerMQBg.png,,TOKEN2049 Singapore,2026,https://www.token2049.com/singapore/partners,Carried over from 2025 lineup (per page label)
Hashtag Web3,Community Partner,,https://cdn.prod.website-files.com/6756df8f05088bc3e51c64ea/690da786ac79d71273af6f48_yMXCX5dArL8j4MHG-ecl_6YqUGLeYckau0wvj-CjbcY.png,,TOKEN2049 Singapore,2026,https://www.token2049.com/singapore/partners,Carried over from 2025 lineup (per page label)
HP Crypto,Community Partner,,https://cdn.prod.website-files.com/6756df8f05088bc3e51c64ea/68b45702d1852018db4d9362_Wf1eL2cqxByVoAjAaavCABEQTLnlV0hWVgrriBAr_Pk.png,,TOKEN2049 Singapore,2026,https://www.token2049.com/singapore/partners,Carried over from 2025 lineup (per page label)
Hyderabad DAO,Community Partner,,https://cdn.prod.website-files.com/6756df8f05088bc3e51c64ea/690da79dad8f90b5e9dc1060_Qj0B4knwesvkbiQFplqlQkoiRlvAkqhb9CXM1uhHgho.png,,TOKEN2049 Singapore,2026,https://www.token2049.com/singapore/partners,Carried over from 2025 lineup (per page label)
InnMind,Community Partner,,https://cdn.prod.website-files.com/6756df8f05088bc3e51c64ea/68cd2238010ea6b2e1d87978_WHdND_FuH7PXJ8mK7K9oCZObSUYzPY9I2j6vx_ZsaQA.png,,TOKEN2049 Singapore,2026,https://www.token2049.com/singapore/partners,Carried over from 2025 lineup (per page label)
Istanbul Blockchain Week,Community Partner,,https://cdn.prod.website-files.com/6756df8f05088bc3e51c64ea/690da7ce45a1c99c3f8a5912_S3SolrEiE8toAuRAp-gBFIHfsJBpBwB-xvcNhgA_rmo.png,,TOKEN2049 Singapore,2026,https://www.token2049.com/singapore/partners,Carried over from 2025 lineup (per page label)
Japan Cryptoasset Business Association,Community Partner,,https://cdn.prod.website-files.com/6756df8f05088bc3e51c64ea/68a70cb20af19c55c10a3f90_nCJ0xu2hhBRjJOk7odsa7VK61q_shImsLT93VIai5rw.svg,,TOKEN2049 Singapore,2026,https://www.token2049.com/singapore/partners,Carried over from 2025 lineup (per page label)
KD Wire,Community Partner,,https://cdn.prod.website-files.com/6756df8f05088bc3e51c64ea/68b4506d9b501c075461180a_zUq9xiKuRTSTDW72ergluJEeu9Bygvco7T-lu2QZvi8.png,,TOKEN2049 Singapore,2026,https://www.token2049.com/singapore/partners,Carried over from 2025 lineup (per page label)
KryptoEkipa,Community Partner,,https://cdn.prod.website-files.com/6756df8f05088bc3e51c64ea/68b45029001ec618b3ac9707_YyAj6CvyP-QWFKigl-tca93rNxilG5PjRYs1sC7g0vI.png,,TOKEN2049 Singapore,2026,https://www.token2049.com/singapore/partners,Carried over from 2025 lineup (per page label)
LF Decentralized Trust,Community Partner,,https://cdn.prod.website-files.com/6756df8f05088bc3e51c64ea/690da7f0c3c6ddb3c2dffb29_duWr9E11R7BeUQSNcQZkAF79djFcEsLoyWZZeGIZyqw.png,,TOKEN2049 Singapore,2026,https://www.token2049.com/singapore/partners,Carried over from 2025 lineup (per page label)
Malaysia blockchain Association,Community Partner,,https://cdn.prod.website-files.com/6756df8f05088bc3e51c64ea/690da814ad8f90b5e9dc5bb3_1Z5EHzpP2BC7srEzZBEexrISgRfPzwQ_fj2Pg2ekdus.png,,TOKEN2049 Singapore,2026,https://www.token2049.com/singapore/partners,Carried over from 2025 lineup (per page label)
MBM,Community Partner,,https://cdn.prod.website-files.com/6756df8f05088bc3e51c64ea/68b456f12684d65d97b5b1d9_esJlnIN9YK5ZL3q540r8dfjwDiLkspxgtTSqt0-0DqM.png,,TOKEN2049 Singapore,2026,https://www.token2049.com/singapore/partners,Carried over from 2025 lineup (per page label)
Moledao,Community Partner,,https://cdn.prod.website-files.com/6756df8f05088bc3e51c64ea/690da84ded8ae6b07533931f_Z6hJxozeKatAn2-peGSEw_Hg7e_nkR2g0Ywps3uZF4c.png,,TOKEN2049 Singapore,2026,https://www.token2049.com/singapore/partners,Carried over from 2025 lineup (per page label)
MPM Labs Web3 Powerhouse Ltd.,Community Partner,,https://cdn.prod.website-files.com/6756df8f05088bc3e51c64ea/68b45068001ec618b3acc449__7LtbecAtZvEEjHpeO3YH686-I2b-vlHEZB4zhhHPJM.svg,,TOKEN2049 Singapore,2026,https://www.token2049.com/singapore/partners,Carried over from 2025 lineup (per page label)
NinjaGuild_Japan (NGG),Community Partner,,https://cdn.prod.website-files.com/6756df8f05088bc3e51c64ea/68b456fe193bb68ed32121bc_Ol7pptw0LZfi6nEgtCGyKwicgvWbNARzgtT0hPZthK8.png,,TOKEN2049 Singapore,2026,https://www.token2049.com/singapore/partners,Carried over from 2025 lineup (per page label)
NODEOPS,Community Partner,,https://cdn.prod.website-files.com/6756df8f05088bc3e51c64ea/690da87cbb6805f44c297f00_qQTwBJKvfQUzIiGf5Z9P1kFPxR2Us2g_Fr0F-_NxFB8.png,,TOKEN2049 Singapore,2026,https://www.token2049.com/singapore/partners,Carried over from 2025 lineup (per page label)
OG Club DAO,Community Partner,,https://cdn.prod.website-files.com/6756df8f05088bc3e51c64ea/690da87e2c60698584fecd82_bZEJ_wboIu9huwn24RO9Lvhd-TQZl9UwMirGbyuC-Qw.png,,TOKEN2049 Singapore,2026,https://www.token2049.com/singapore/partners,Carried over from 2025 lineup (per page label)
OffChain,Community Partner,,https://cdn.prod.website-files.com/6756df8f05088bc3e51c64ea/690da880d7500447ae652b4d_0ZH3_C0FKLlmNofRqqFcSVlv7iTCxCFV00Bo6TKEuD4.png,,TOKEN2049 Singapore,2026,https://www.token2049.com/singapore/partners,Carried over from 2025 lineup (per page label)
Orbis86,Community Partner,,https://cdn.prod.website-files.com/6756df8f05088bc3e51c64ea/68b4505b001ec618b3acba91_niGZI_ltXnbqOH5alhnEzRUndeq0r-z0Lja_N6IDQ0g.png,,TOKEN2049 Singapore,2026,https://www.token2049.com/singapore/partners,Carried over from 2025 lineup (per page label)
Oversubscribed Capital,Community Partner,,https://cdn.prod.website-files.com/6756df8f05088bc3e51c64ea/690da893fe1c83daec56e1e3_OtNq6CnA1PT8ERnLDHydqAtPRe_I5CZ5KWV75vrMt7E.png,,TOKEN2049 Singapore,2026,https://www.token2049.com/singapore/partners,Carried over from 2025 lineup (per page label)
Palau Digital Residency Program,Community Partner,,https://cdn.prod.website-files.com/6756df8f05088bc3e51c64ea/690da89f44c40c87f34916f1_1fEGHV3waSgbTHPQK7Wrq6uD4Ez-mWbx4fNUkKULSJ4.png,,TOKEN2049 Singapore,2026,https://www.token2049.com/singapore/partners,Carried over from 2025 lineup (per page label)
Philippine Blockchain Week,Community Partner,,https://cdn.prod.website-files.com/6756df8f05088bc3e51c64ea/690da8a144c40c87f349189c_Bk5YDbUSmfxmrHFrbc_NkHZobmKN7-p4Ws_WaiQkN68.png,,TOKEN2049 Singapore,2026,https://www.token2049.com/singapore/partners,Carried over from 2025 lineup (per page label)
Pivot,Community Partner,,https://cdn.prod.website-files.com/6756df8f05088bc3e51c64ea/68b45030f50745445fc26fbf_lwb53vnKN5HtCODzWch7uTEqvenwmwnLDy9m0Ldxh5M.png,,TOKEN2049 Singapore,2026,https://www.token2049.com/singapore/partners,Carried over from 2025 lineup (per page label)
Plug and Play APAC,Community Partner,,https://cdn.prod.website-files.com/6756df8f05088bc3e51c64ea/68b4503cf50745445fc27572_1bTQ3SVYW8UlfIhkeavMvFNMXSJIJ-6czvilzD2H9Rg.png,,TOKEN2049 Singapore,2026,https://www.token2049.com/singapore/partners,Carried over from 2025 lineup (per page label)
Plug and Play,Community Partner,,https://cdn.prod.website-files.com/6756df8f05088bc3e51c64ea/690da8b60e3618fbe31dd4a6_4VTrm11CY-lklojTYY00LrCa456AJOtQaE8qMEzCKQo.png,,TOKEN2049 Singapore,2026,https://www.token2049.com/singapore/partners,Carried over from 2025 lineup (per page label)
PR Newswire,Community Partner,,https://cdn.prod.website-files.com/6756df8f05088bc3e51c64ea/690da8b745a1c99c3f8aa4a6_P0HPDayuvo45S_KrAWBsALS6_x4OlPHOOBMjZ3S0HQs.png,,TOKEN2049 Singapore,2026,https://www.token2049.com/singapore/partners,Carried over from 2025 lineup (per page label)
PuneDAO,Community Partner,,https://cdn.prod.website-files.com/6756df8f05088bc3e51c64ea/690da8bd6b5af2491da66e30_kW50QH0hrj2iBsUHbm5xPuZ68_cA0w4Gyd6hXVGENns.png,,TOKEN2049 Singapore,2026,https://www.token2049.com/singapore/partners,Carried over from 2025 lineup (per page label)
Ready Player Club,Community Partner,,https://cdn.prod.website-files.com/6756df8f05088bc3e51c64ea/6891933b3356a6d78eb03e83_tlpPI_Ibt4SM--FgIUysN8-DZQigzblO3Q2o-ukns8M.svg,,TOKEN2049 Singapore,2026,https://www.token2049.com/singapore/partners,Carried over from 2025 lineup (per page label)
Rise In,Community Partner,,https://cdn.prod.website-files.com/6756df8f05088bc3e51c64ea/690da8c7d77bedd17fcb4836_rH0tC5qROQu1LE7y6azQazmTTXMOuatm9eG_U6xenT8.png,,TOKEN2049 Singapore,2026,https://www.token2049.com/singapore/partners,Carried over from 2025 lineup (per page label)
SH3 Agency,Community Partner,,https://cdn.prod.website-files.com/6756df8f05088bc3e51c64ea/690da8c945a1c99c3f8aaa1e_W1vQ6KeYm0lPH2cjx25MdVu0n202ohhYbeXXiny04uk.png,,TOKEN2049 Singapore,2026,https://www.token2049.com/singapore/partners,Carried over from 2025 lineup (per page label)
ShowUp,Community Partner,,https://cdn.prod.website-files.com/6756df8f05088bc3e51c64ea/690da8ecb4badc43167afb80_fox9U-w5S22b_c0FXAttqrxU16y1ljqtO_mkxwanzC8.png,,TOKEN2049 Singapore,2026,https://www.token2049.com/singapore/partners,Carried over from 2025 lineup (per page label)
Singapore Fintech Association,Community Partner,,https://cdn.prod.website-files.com/6756df8f05088bc3e51c64ea/690da8ed757d8ae52566b50c_K9ciqsROYAh1F2S2ySZY0KNRGiRdAPsEniR9HAYvz1k.png,,TOKEN2049 Singapore,2026,https://www.token2049.com/singapore/partners,Carried over from 2025 lineup (per page label)
SparkPoint,Community Partner,,https://cdn.prod.website-files.com/6756df8f05088bc3e51c64ea/690da8fbdb02cef406502164_nL8RivvL5WcdyvIecQaYnCgJGuO05n_nHXiMy4gcmgw.png,,TOKEN2049 Singapore,2026,https://www.token2049.com/singapore/partners,Carried over from 2025 lineup (per page label)
Stocksify,Community Partner,,https://cdn.prod.website-files.com/6756df8f05088bc3e51c64ea/690da8fdb4badc43167b0a94_xkyB9vXyHwFtwp5qA3lX9reteCGsPX5RJCLGVbxhdIg.jpeg,,TOKEN2049 Singapore,2026,https://www.token2049.com/singapore/partners,Carried over from 2025 lineup (per page label)
Sui Philippines,Community Partner,,https://cdn.prod.website-files.com/6756df8f05088bc3e51c64ea/690da8fe29497ebf0f7d82a3_2E5RifhSMbbdUNQlyEa8Ib3SFKhufCgyCK6FrxZNUiw.png,,TOKEN2049 Singapore,2026,https://www.token2049.com/singapore/partners,Carried over from 2025 lineup (per page label)
Supermoon,Community Partner,,https://cdn.prod.website-files.com/6756df8f05088bc3e51c64ea/690da9119f1ff719a36792ed_PydsY7EZ55t8Esoj6R6GAvu_epwN63UbX3DK9vN_gRk.png,,TOKEN2049 Singapore,2026,https://www.token2049.com/singapore/partners,Carried over from 2025 lineup (per page label)
Taiwan FinTech Association,Community Partner,,https://cdn.prod.website-files.com/6756df8f05088bc3e51c64ea/690da913c3c6ddb3c2e0b785_ylQV39cOQ2t7ByLK-ct7pxubH06Kbs0hyVCcyzqKjPI.png,,TOKEN2049 Singapore,2026,https://www.token2049.com/singapore/partners,Carried over from 2025 lineup (per page label)
T1 LABS,Community Partner,,https://cdn.prod.website-files.com/6756df8f05088bc3e51c64ea/68b456f8879d5e7bff620845_L-ZuvcGap2V8x5e42qyugKHU9fAabLt54gx6Nz8uZ_I.png,,TOKEN2049 Singapore,2026,https://www.token2049.com/singapore/partners,Carried over from 2025 lineup (per page label)
Tenity,Community Partner,,https://cdn.prod.website-files.com/6756df8f05088bc3e51c64ea/690da9235d54d62900e9ae74_zktjJyPk9DisSIe7QMNqsLsW-jl8ipUk9-QEMJ_UBuU.png,,TOKEN2049 Singapore,2026,https://www.token2049.com/singapore/partners,Carried over from 2025 lineup (per page label)
The Blocklabs Inc (The BLOKC),Community Partner,,https://cdn.prod.website-files.com/6756df8f05088bc3e51c64ea/690da924ac79d71273b039a8_6AZbg_jSBD-QxrVarDDD_asnhwmDJ4ULVd2mKkGVCLY.png,,TOKEN2049 Singapore,2026,https://www.token2049.com/singapore/partners,Carried over from 2025 lineup (per page label)
The Malaysian Youth FinTech Association,Community Partner,,https://cdn.prod.website-files.com/6756df8f05088bc3e51c64ea/690da935757d8ae52566dbc2_dJ5Ve8v-I7AavkBhUcfGwEv2pjTTmGwUyHhBxQ_wZfk.png,,TOKEN2049 Singapore,2026,https://www.token2049.com/singapore/partners,Carried over from 2025 lineup (per page label)
Tsunami house,Community Partner,,https://cdn.prod.website-files.com/6756df8f05088bc3e51c64ea/68b45700193bb68ed3212202_fYuqcFvoyfvHVEdbZsl5ZeRl4wgL3-UTlQf7VtO3YWg.png,,TOKEN2049 Singapore,2026,https://www.token2049.com/singapore/partners,Carried over from 2025 lineup (per page label)
UAE Singapore Business Council,Community Partner,,https://cdn.prod.website-files.com/6756df8f05088bc3e51c64ea/68b456f6d39bd61c08e49853_WMqWOBNlUHqcGpCBLj3u3ZQ9UjVvcLERUe0hq_qhzoQ.png,,TOKEN2049 Singapore,2026,https://www.token2049.com/singapore/partners,Carried over from 2025 lineup (per page label)
VC ARENA,Community Partner,,https://cdn.prod.website-files.com/6756df8f05088bc3e51c64ea/690da97453bfc93b1b485cf5_iRbzRNBIfHfWf_b0GsMYfIGBQNosBYiTYckruW1Ymlc.png,,TOKEN2049 Singapore,2026,https://www.token2049.com/singapore/partners,Carried over from 2025 lineup (per page label)
VNTR,Community Partner,,https://cdn.prod.website-files.com/6756df8f05088bc3e51c64ea/690da97853bfc93b1b485ed2_MAKOCS29XW3r1qlylLQ-EPMaI99fMNbYzzDwgm3lxWs.png,,TOKEN2049 Singapore,2026,https://www.token2049.com/singapore/partners,Carried over from 2025 lineup (per page label)
Wallstreetbets,Community Partner,,https://cdn.prod.website-files.com/6756df8f05088bc3e51c64ea/690da97dac79d71273b04ba7_2Rsbioyxcq-K1KeTg3b7MHo-V-kuql9_CgqVtE8oh1I.png,,TOKEN2049 Singapore,2026,https://www.token2049.com/singapore/partners,Carried over from 2025 lineup (per page label)
WAV3,Community Partner,,https://cdn.prod.website-files.com/6756df8f05088bc3e51c64ea/68b456f0d564abe267c90243_FsZY6n4quVHuBpQL-lUxtNV5XGzUvXceBcb39qy2n4g.png,,TOKEN2049 Singapore,2026,https://www.token2049.com/singapore/partners,Carried over from 2025 lineup (per page label)
Web3 Bacolod,Community Partner,,https://cdn.prod.website-files.com/6756df8f05088bc3e51c64ea/68b45065d35ac2ce60cd90c0_WjZsr46ev26wMRVlBF4DQrZ1GMQwXyM7eROZXI5iLpQ.png,,TOKEN2049 Singapore,2026,https://www.token2049.com/singapore/partners,Carried over from 2025 lineup (per page label)
Web3 Cebu,Community Partner,,https://cdn.prod.website-files.com/6756df8f05088bc3e51c64ea/68b456f3fd9516a2ff9043e4_moCccMng3gQRxQdo9xwmXNClCID9z6w7tl5t5wOnvnk.png,,TOKEN2049 Singapore,2026,https://www.token2049.com/singapore/partners,Carried over from 2025 lineup (per page label)
Web3 Salon,Community Partner,,https://cdn.prod.website-files.com/6756df8f05088bc3e51c64ea/689af0e567bd93125c7455f0_K6f1VLvZddf5ls1ZBtZz9H-VHhfICqH_1hWB-4WvbVY.png,,TOKEN2049 Singapore,2026,https://www.token2049.com/singapore/partners,Carried over from 2025 lineup (per page label)
Web3 San Carlos,Community Partner,,https://cdn.prod.website-files.com/6756df8f05088bc3e51c64ea/690da9842c60698584ff2f05_VrmPYO9ouCE6-i9AUZWy0xiACGMJKTUaDI8RVlIHjZA.jpeg,,TOKEN2049 Singapore,2026,https://www.token2049.com/singapore/partners,Carried over from 2025 lineup (per page label)
Web3spell,Community Partner,,https://cdn.prod.website-files.com/6756df8f05088bc3e51c64ea/690da9869f1ff719a367ee15_0gq4yaAyolzQ-vyOkQNm63Q3_bFwhiyPaqgiZZawdXQ.jpeg,,TOKEN2049 Singapore,2026,https://www.token2049.com/singapore/partners,Carried over from 2025 lineup (per page label)
Web3 With Elius & Simo,Community Partner,,https://cdn.prod.website-files.com/6756df8f05088bc3e51c64ea/690da988b4badc43167b7305_aDKW3S7rN_uRyYAO__JTFjR-FJ1wikjpnScGDIavZL0.png,,TOKEN2049 Singapore,2026,https://www.token2049.com/singapore/partners,Carried over from 2025 lineup (per page label)
Web3events,Community Partner,,https://cdn.prod.website-files.com/6756df8f05088bc3e51c64ea/690da98e9f1ff719a367f331_6x9btYTxRz3YiIw9IvOhyXgN5I-KjNyOlLWemJmSY44.png,,TOKEN2049 Singapore,2026,https://www.token2049.com/singapore/partners,Carried over from 2025 lineup (per page label)
Wenaltseason,Community Partner,,https://cdn.prod.website-files.com/6756df8f05088bc3e51c64ea/68cd154d51aca5c2215c425d_zWj-CMnUyQPq8SG8Fw1YCOSw444ra3g52BkTTx0kbiI.svg,,TOKEN2049 Singapore,2026,https://www.token2049.com/singapore/partners,Carried over from 2025 lineup (per page label)
Wolf Capital,Community Partner,,https://cdn.prod.website-files.com/6756df8f05088bc3e51c64ea/68b45046d1852018db4a6595_4CfC-G5L-4WYqM-a3lBDOXKKZsxOkCHDu1MeEXkGfbY.png,,TOKEN2049 Singapore,2026,https://www.token2049.com/singapore/partners,Carried over from 2025 lineup (per page label)
Women in Web3 Switzerland (WiW3CH),Community Partner,,https://cdn.prod.website-files.com/6756df8f05088bc3e51c64ea/690da994ad8f90b5e9dd8155_2Zaq61cxivX-cQupm7KzvY6PqUIzxH_no1ET_H2mkf8.png,,TOKEN2049 Singapore,2026,https://www.token2049.com/singapore/partners,Carried over from 2025 lineup (per page label)
Young Founders School,Community Partner,,https://cdn.prod.website-files.com/6756df8f05088bc3e51c64ea/68cd1582f2394d6236fbb228_onfHCvnteKK8ibu5_v97YFFYcqmrriBQb3ouVOGGQDs.png,,TOKEN2049 Singapore,2026,https://www.token2049.com/singapore/partners,Carried over from 2025 lineup (per page label)
Zo World,Community Partner,,https://cdn.prod.website-files.com/6756df8f05088bc3e51c64ea/690da9ac757d8ae5256728a8_rbNoX5G-nkBvE50qTI3O_2WtsPtS7--_3J6rPTLUJME.png,,TOKEN2049 Singapore,2026,https://www.token2049.com/singapore/partners,Carried over from 2025 lineup (per page label)
