Company,Website,CEO,CTO,Nationality (Company),Description,Category,Round Type,Amount Raised,Amount Raised (USD),Date Raised,Investors,Source URL,Source
Digital Asset,https://www.digitalasset.com,,,,,Infrastructure,Undisclosed,$355.00M,355000000,2026-06-11,"Andreessen Horowitz(a16z), Coinbase Ventures, Liberty City Ventures",https://www.coincarp.com/fundraising/digital-asset/digital-asset-undisclosed/,CoinCarp
Neura AI,https://www.neura.ai,,,,,"Infrastructure, AI/ML",Strategic,Undisclosed,,2026-06-09,"Animoca Brands, Basics Capital, Mario Nawfal",https://www.coincarp.com/fundraising/neura-ai/neura-ai-strategic/,CoinCarp
XEFFY,,,,,,DeFi,Private,$15.00M,15000000,2026-06-05,,https://www.coincarp.com/fundraising/xeffy/xeffy-private/,CoinCarp
JPYC,https://jpyc.jp,,,,,Stablecoin,Series B,$17.62M,17620000,2026-04-20,"Metaplanet Holdings, i-nest Capital",https://www.coincarp.com/fundraising/jpyc/jpyc-series-b2/,CoinCarp
CAEX,,,,,,CEX,Undisclosed,Undisclosed,,2026-04-10,"OKX Ventures, Hashkey Capital",https://www.coincarp.com/fundraising/caex/caex-undisclosed/,CoinCarp
finrob,,,,,,Finance/Banking,Seed,$3.90M,3900000,2026-02-25,"Maven 11 Capital, Placeholder, Archetype",https://www.coincarp.com/fundraising/finrob/finrob-seed/,CoinCarp
Based,,,,,,"DeFi, Infrastructure",Series A,$11.50M,11500000,2026-02-23,"Pantera Capital, Coinbase Ventures, Wintermute",https://www.coincarp.com/fundraising/basedapp/basedapp-series-a/,CoinCarp
YOAKE,,,,,,NFT,Strategic,$3.20M,3200000,2026-02-13,Sony Innovation Fund,https://www.coincarp.com/fundraising/yoake/yoake-strategic/,CoinCarp
Record,,,,,,Other,Undisclosed,$3.20M,3200000,2026-02-13,Sony Innovation Fund,https://www.coincarp.com/fundraising/record/record-undisclosed/,CoinCarp
Rate Arbitrage Nexus,,,,,,Other,Strategic,Undisclosed,,2026-02-12,Castrum Capital,https://www.coincarp.com/fundraising/rate-arbitrage-nexus/rate-arbitrage-nexus-strategic/,CoinCarp
TenX,https://www.tenx.tech,,,,,"Payments, Wallet",Undisclosed,$22.00M,22000000,2025-12-10,,https://www.coincarp.com/fundraising/tenx/tenx-undisclosed/,CoinCarp
Metalpha,,,,,,Trading,Post-IPO,$12.00M,12000000,2025-10-30,Avenir Group,https://www.coincarp.com/fundraising/metalpha/metalpha-postipo/,CoinCarp
Prenetics,https://www.prenetics.com,,,,,Finance/Banking,Post-IPO,$48.00M,48000000,2025-10-28,"Kraken, Exodus, DL HOLDINGS",https://www.coincarp.com/fundraising/prenetics/prenetics-postipo/,CoinCarp
Me3.eth,,,,,,Social/Community,Undisclosed,$3.00M,3000000,2025-10-24,"Outlier Ventures, Master Ventures, Maven Capital",https://www.coincarp.com/fundraising/me3-eth/me3eth-undisclosed/,CoinCarp
APRO Oracle,,,,,,Oracle,Strategic,Undisclosed,,2025-10-22,"YZi Labs (Formerly: Binance Labs), Gate.io, TPC Ventures",https://www.coincarp.com/fundraising/apro-oracle/apro-oracle-strategic/,CoinCarp
Cybrid,https://www.cybrid.io,,,,,Finance/Banking,Series A,$10.00M,10000000,2025-10-22,,https://www.coincarp.com/fundraising/cybrid/cybrid-series-a/,CoinCarp
Forward Industries,,,,,,Finance/Banking,Post-IPO,$1.65B,1650000000,2025-09-11,"Galaxy Digital, Multicoin Capital, Jump Crypto",https://www.coincarp.com/fundraising/forward-industries/forward-industries-postipo/,CoinCarp
Minidoge,,,,,,Other,Strategic,Undisclosed,,2025-09-11,Mini Lab,https://www.coincarp.com/fundraising/minidoge/minidoge-strategic/,CoinCarp
StablecoinX,,,,,,"DeFi, Stablecoin",Post-IPO,$530.00M,530000000,2025-09-06,"YZi Labs (Formerly: Binance Labs), BH Digital(Brevan Howard Digital), IMC Trading",https://www.coincarp.com/fundraising/stablecoinx/stablecoinx-postipo/,CoinCarp
Maiga (Formerly:ThirdFi）,,,,,,"DeFi, Finance/Banking",Strategic,$2.00M,2000000,2025-09-04,"Amber Group, Red Beard Ventures, IBC Group",https://www.coincarp.com/fundraising/thirdfi/maiga-strategic/,CoinCarp
ZOOZ Power Ltd.,,,,,,Other,Post-IPO,$5.00M,5000000,2025-08-06,,https://www.coincarp.com/fundraising/zooz-power-ltd/zooz-power-ltd-postipo/,CoinCarp
BayesMarket,,,,,,"Trading, Data/Analytics",Strategic,$2.00M,2000000,2025-08-06,,https://www.coincarp.com/fundraising/bayesmarket/bayesmarket-strategic/,CoinCarp
Stan,,,,,,Wallet,Undisclosed,$8.50M,8500000,2025-08-05,"General Catalyst, Square Enix, King River Capital",https://www.coincarp.com/fundraising/stan/stan-undisclosed-2/,CoinCarp
ANT.FUN,,,,,,"DeFi, GameFi",Series A,Undisclosed,,2025-08-03,,https://www.coincarp.com/fundraising/antfun/antfun-series-a/,CoinCarp
Rialo,,,,,,Infrastructure,Seed,$20.00M,20000000,2025-08-02,"Pantera Capital, Coinbase Ventures, Variant",https://www.coincarp.com/fundraising/rialo/rialo-seed/,CoinCarp
Vaultz Capital,,,,,,"Infrastructure, Finance/Banking",Post-IPO,$4.97M,4969510,2025-08-01,,https://www.coincarp.com/fundraising/vaultz-capital/vaultz-capital-postipo-2/,CoinCarp
Nano Labs,,,,,,Infrastructure,Post-IPO,$500.00M,500000000,2025-06-24,,https://www.coincarp.com/fundraising/nano-labs/nano-labs-postipo/,CoinCarp
Blueprint Finance,,,,,,"Infrastructure, Finance/Banking",Undisclosed,$9.50M,9500000,2025-06-23,"Polychain Capital, YZi Labs (Formerly: Binance Labs), VanEck",https://www.coincarp.com/fundraising/blueprint-finance/blueprint-finance-undisclosed2/,CoinCarp
GTE,,,,,,"DeFi, Stablecoin",Series A,$15.00M,15000000,2025-06-23,Paradigm,https://www.coincarp.com/fundraising/gte/gte-series-a/,CoinCarp
