name,title,company,category,event
Marc Boiron,CEO,Polygon Labs,Toronto 2026,Blockchain Futurist Conference Toronto 2026
Don Tapscott,Executive Chairman & CEO,Blockchain Research Institute (BRI),Toronto 2026,Blockchain Futurist Conference Toronto 2026
Staci Warden,CEO,Algorand Foundation,Toronto 2026,Blockchain Futurist Conference Toronto 2026
Ethan Buchman,CEO,Informal Systems / Cycles; Co-Founder Cosmos,Toronto 2026,Blockchain Futurist Conference Toronto 2026
Nick Spanos,Blockchain Pioneer,Bitcoin Center NYC,Toronto 2026,Blockchain Futurist Conference Toronto 2026
Charles Hoskinson,CEO & Founder,Input Output Group (Speaking Virtually),Toronto 2026,Blockchain Futurist Conference Toronto 2026
"James Stephens, CBE CCFI",Founder & CEO,Krown Technologies Inc.,Toronto 2026,Blockchain Futurist Conference Toronto 2026
Eve Lam,Executive Director,Morgan Stanley,Toronto 2026,Blockchain Futurist Conference Toronto 2026
Tracy Leparulo,Co-Founder,Blockchain Futurist Conference,Toronto 2026,Blockchain Futurist Conference Toronto 2026
Laura Leparulo,Head of Marketing,,Toronto 2026,Blockchain Futurist Conference Toronto 2026
Mahyar Akhbari,"Co-Founder, Head of BD",Anvil,Toronto 2026,Blockchain Futurist Conference Toronto 2026
Simon,Lead,Superteam Canada,Toronto 2026,Blockchain Futurist Conference Toronto 2026
Ada Vaughan,Senior Director of DeFi Partnerships,Stellar Development Foundation,Toronto 2026,Blockchain Futurist Conference Toronto 2026
Chaddy Huussin,Executive Director,JPMorgan Chase & Co.,Toronto 2026,Blockchain Futurist Conference Toronto 2026
Tyler Spalding,President,Acronym Foundation,Toronto 2026,Blockchain Futurist Conference Toronto 2026
Eric Turner,CEO,Messari,Toronto 2026,Blockchain Futurist Conference Toronto 2026
Naveen Maher,Chief Compliance Officer,Robinhood Canada,Toronto 2026,Blockchain Futurist Conference Toronto 2026
Charles St. Louis,DeFi Protocol Specialist,Ethereum Foundation,Toronto 2026,Blockchain Futurist Conference Toronto 2026
Roger Huang,Contributor / Author,Forbes; Bitcoin Magazine Books,Toronto 2026,Blockchain Futurist Conference Toronto 2026
Trevor Koverko,Co-Founder,Sapien,Toronto 2026,Blockchain Futurist Conference Toronto 2026
Janet Adams,Board Member,Artificial Superintelligence Alliance,Toronto 2026,Blockchain Futurist Conference Toronto 2026
Philippe Noelting,Tokenization Lead,ZKsync / Matter Labs,Toronto 2026,Blockchain Futurist Conference Toronto 2026
Brian Ford,"Vice President, Head of Business Solutions and Digital Assets",ATB Financial,Toronto 2026,Blockchain Futurist Conference Toronto 2026
Kevin Liu,Co-Founder,Metis; Core Contributor GOAT Network,Toronto 2026,Blockchain Futurist Conference Toronto 2026
Tanya Woods,Head of Government and Regulatory Affairs and Policy Counsel,Questrade Financial Group,Toronto 2026,Blockchain Futurist Conference Toronto 2026
Jasraj Hallan,Shadow Minister for Finance; Member of Parliament,Calgary East,Toronto 2026,Blockchain Futurist Conference Toronto 2026
Jaime Leverton,CEO,ReserveOne,Toronto 2026,Blockchain Futurist Conference Toronto 2026
Ben Greenberg,Developer Relations Lead,Arbitrum Foundation,Toronto 2026,Blockchain Futurist Conference Toronto 2026
Phil Davis,"Head of Americas, Enterprise",Ledger,Toronto 2026,Blockchain Futurist Conference Toronto 2026
Lisa Loud,Executive Director,Secret Network,Toronto 2026,Blockchain Futurist Conference Toronto 2026
Ingamar Ramirez,Growth,Starknet Foundation,Toronto 2026,Blockchain Futurist Conference Toronto 2026
Richard Carleton,CEO,Canadian Securities Exchange; Non-executive Chair Tetra Digital; Board Member Blue Ocean Technologies,Toronto 2026,Blockchain Futurist Conference Toronto 2026
Michael O'Connor,COO and GC,Cloudburst Technologies,Toronto 2026,Blockchain Futurist Conference Toronto 2026
Sam Bourgi,Senior News Editor,Cointelegraph,Toronto 2026,Blockchain Futurist Conference Toronto 2026
Alejandra Dito,Director Global Partnerships Digital Assets & Blockchain,Mastercard,Toronto 2026,Blockchain Futurist Conference Toronto 2026
Aoyon Ashraf,Global Head of News,CoinDesk,Toronto 2026,Blockchain Futurist Conference Toronto 2026
Nisrine Labcir,Innovation Lead,Interac Corp.,Toronto 2026,Blockchain Futurist Conference Toronto 2026
Jan Gorzny,Co-Founder & Technical Lead,Zircuit,Toronto 2026,Blockchain Futurist Conference Toronto 2026
Colin Sinclair,Chief Business Officer,Nirvana Finance,Toronto 2026,Blockchain Futurist Conference Toronto 2026
Emanuel Toste,"Director, Experience Design – Wealth Management",BMO,Toronto 2026,Blockchain Futurist Conference Toronto 2026
Evin McMullen,Co-Founder & CEO,Billions Network,Toronto 2026,Blockchain Futurist Conference Toronto 2026
Kesem Frank,CEO,Stablecorp,Toronto 2026,Blockchain Futurist Conference Toronto 2026
Drew Potter,Partnerships Manager,Brave,Toronto 2026,Blockchain Futurist Conference Toronto 2026
Wayne Chen,CEO,EukaPay,Toronto 2026,Blockchain Futurist Conference Toronto 2026
Marc Lafleur,Founder,DB8 Labs; Guest Dragon Dragon's Den,Toronto 2026,Blockchain Futurist Conference Toronto 2026
Haymond Rankin,"Associate Director - Banking, Fintech & Virtual Assets",Cayman Finance,Toronto 2026,Blockchain Futurist Conference Toronto 2026
Christian Sauer,Founder,Soonami.io,Toronto 2026,Blockchain Futurist Conference Toronto 2026
Elizabeth McFaul,Ecosystem Marketing Lead,Solana Foundation,Toronto 2026,Blockchain Futurist Conference Toronto 2026
Dr. Francis Bellido,CEO,"Quantum eMotion (NYSE: QNC, CVE: QNC)",Toronto 2026,Blockchain Futurist Conference Toronto 2026
"Timothy Darrah, PhD",Co-Founder & CEO,Mangrove,Toronto 2026,Blockchain Futurist Conference Toronto 2026
Charles Garrett,Founder,Peerfolio,Toronto 2026,Blockchain Futurist Conference Toronto 2026
Jonathan Han,CEO,AiraPay,Toronto 2026,Blockchain Futurist Conference Toronto 2026
Monique Mulima,Reporter,Bloomberg News,Toronto 2026,Blockchain Futurist Conference Toronto 2026
Anil Nadiminti,Sr. Solutions Architect,Amazon Web Services,Toronto 2026,Blockchain Futurist Conference Toronto 2026
Sayan Roy,COO & Co-Founder,AiraPay & ByteX,Toronto 2026,Blockchain Futurist Conference Toronto 2026
Didier Lavallée,Founder & CEO,Tetra Digital Group,Toronto 2026,Blockchain Futurist Conference Toronto 2026
Todd Shapiro,"Co-Founder, CEO & Director",Red Light Holland,Toronto 2026,Blockchain Futurist Conference Toronto 2026
Carlo Campisi,Head of Policy,Shakepay,Toronto 2026,Blockchain Futurist Conference Toronto 2026
Koleya Karringten,Executive Director,Canadian Bitcoin Consortium,Toronto 2026,Blockchain Futurist Conference Toronto 2026
"Maximillian ""M"" Schwartz",CEO,Anvil Research Labs,Toronto 2026,Blockchain Futurist Conference Toronto 2026
Jillian Friedman,Chief Operating Officer,Symbiotic,Toronto 2026,Blockchain Futurist Conference Toronto 2026
Joseph Iuso,Co-Founder CAMLO; Head of Global Regulatory Affairs KYC2020,CAMLO / KYC2020,Toronto 2026,Blockchain Futurist Conference Toronto 2026
Rob Goldstein,"Senior Operating Advisor, Strategic Partnerships and Growth",Travls.io,Toronto 2026,Blockchain Futurist Conference Toronto 2026
Morva Rohani,Executive Director,Canadian Web3 Council,Toronto 2026,Blockchain Futurist Conference Toronto 2026
Jeffrey Gregor,General Manager,OVHcloud,Toronto 2026,Blockchain Futurist Conference Toronto 2026
Ty Henwood,Founder & CEO,Intrface,Toronto 2026,Blockchain Futurist Conference Toronto 2026
Arman Mamyan,Integration Lead,Animoca Brands,Toronto 2026,Blockchain Futurist Conference Toronto 2026
Amanda Wick,Head of Americas,VerifyVASP,Toronto 2026,Blockchain Futurist Conference Toronto 2026
Matt Franchi,Founder,The Bar Toronto Inc.,Toronto 2026,Blockchain Futurist Conference Toronto 2026
Jason Brett,Senior Contributor,Forbes; Founder Ben Franklin Digital Reserve,Toronto 2026,Blockchain Futurist Conference Toronto 2026
Michael Terpin,Founder & CEO,Transform Ventures,Toronto 2026,Blockchain Futurist Conference Toronto 2026
Leah McCarthy,Content Creator,Doginal Dogs / CSN,Toronto 2026,Blockchain Futurist Conference Toronto 2026
Christopher Chen,Head,Invest Hong Kong Canada,Toronto 2026,Blockchain Futurist Conference Toronto 2026
Christian Lewe,Research Engineer,Alpen Labs,Toronto 2026,Blockchain Futurist Conference Toronto 2026
Adilah Holivay,CEO,Association for Women in Cryptocurrency,Toronto 2026,Blockchain Futurist Conference Toronto 2026
Hamed Faqirzai,VP of Global Development,Luna PR,Toronto 2026,Blockchain Futurist Conference Toronto 2026
Sam Amsterdam,Founder,Amsterdam Group Public Relations,Toronto 2026,Blockchain Futurist Conference Toronto 2026
Gina Antoniello,NYU Professor; Chair of the Board,SafeBets,Toronto 2026,Blockchain Futurist Conference Toronto 2026
Edward Johnson,Chief Product Officer,Autheo,Toronto 2026,Blockchain Futurist Conference Toronto 2026
Marcello Valente,Huddle Leader,Pudgy Canada,Toronto 2026,Blockchain Futurist Conference Toronto 2026
Ganna Vitko,President of Canada Chapter,Association for Women in Crypto,Toronto 2026,Blockchain Futurist Conference Toronto 2026
Peter von Irle,Co-Founder & Managing Partner,Sullivan Hart LLP,Toronto 2026,Blockchain Futurist Conference Toronto 2026
Kyle Karasz,Founder & Developer,Blast Wheels,Toronto 2026,Blockchain Futurist Conference Toronto 2026
"Regan McGrath, CPA, CA",CEO,Metrics CPA,Toronto 2026,Blockchain Futurist Conference Toronto 2026
Josh Weiss,Global Head of Sales,Utila,Toronto 2026,Blockchain Futurist Conference Toronto 2026
Mackenzie Hobbs,CEO,Blast Wheels,Toronto 2026,Blockchain Futurist Conference Toronto 2026
Rosalyn Brown,"Tokenization, Luxury Real Estate and Property Technology",Berkshire Hathaway Bahamas,Toronto 2026,Blockchain Futurist Conference Toronto 2026
"Alexander Radu, H.B.Sc., LL.B.",Law Student,Blair Law Firm,Toronto 2026,Blockchain Futurist Conference Toronto 2026
Rod Warren,Owner & Operations Manager,Crypto Records,Toronto 2026,Blockchain Futurist Conference Toronto 2026
Zachary Nelson,CEO & Co-Founder,Genzio,Toronto 2026,Blockchain Futurist Conference Toronto 2026
Tristan Schroeder,"Founder, CEO",Tokenized Financial and IHodlLife,Toronto 2026,Blockchain Futurist Conference Toronto 2026
Ashley Wright,Founder,The Crypto Strategy Academy,Toronto 2026,Blockchain Futurist Conference Toronto 2026
Armando Pantoja,Financial Futurist & Best Selling Author,,Toronto 2026,Blockchain Futurist Conference Toronto 2026
Jorrin Bruns,Head of Developer Engagement & Integrations,Algorand Foundation,Toronto 2026,Blockchain Futurist Conference Toronto 2026
Lalla Asmaa Alaoui,CEO HelloAgentic.ai; Founder Agentic Day,HelloAgentic.ai,Toronto 2026,Blockchain Futurist Conference Toronto 2026
Jay Rogers,CEO,Infineo,Toronto 2026,Blockchain Futurist Conference Toronto 2026
Mitchell DiRaimondo,Co-Founder,SteelWave Digital,Toronto 2026,Blockchain Futurist Conference Toronto 2026
Jessica Levesque,Executive Director,C4,Toronto 2026,Blockchain Futurist Conference Toronto 2026
Luther Maday,Co-Founder & CEO,Stablecoin Partners; ex. Algorand Foundation,Toronto 2026,Blockchain Futurist Conference Toronto 2026
Brian J. Esposito,CEO,DiamondLake,Toronto 2026,Blockchain Futurist Conference Toronto 2026
"Nataliya Hearn, Ph.D.",Director,CryptoChicks,Toronto 2026,Blockchain Futurist Conference Toronto 2026
James Emerson,"Senior Manager, Digital Assets CoE",KPMG Canada,Toronto 2026,Blockchain Futurist Conference Toronto 2026
Web,Director of Operations,Doginal Dogs / CSN,Toronto 2026,Blockchain Futurist Conference Toronto 2026
Emma Todd,CEO,MMH Technology Group,Toronto 2026,Blockchain Futurist Conference Toronto 2026
Ali Abou Daya,CEO,Transactix,Toronto 2026,Blockchain Futurist Conference Toronto 2026
Joshua McDougall,Co-Founder,C4,Toronto 2026,Blockchain Futurist Conference Toronto 2026
Mo Ali Yusuf,CEO & Co-Founder,Fuze Finance,Toronto 2026,Blockchain Futurist Conference Toronto 2026
Anna Maison,Founder & CEO,Fortis Compliance Shield Partners Ltd.,Toronto 2026,Blockchain Futurist Conference Toronto 2026
Cooper Squirrell,Founder,UrVote,Toronto 2026,Blockchain Futurist Conference Toronto 2026
Rodney MacInnes,CBP Committee Chair,C4,Toronto 2026,Blockchain Futurist Conference Toronto 2026
Dina Mainville,Founder,Orqa,Toronto 2026,Blockchain Futurist Conference Toronto 2026
Ashton Addison,Founder & CEO,Crypto Coin Show,Toronto 2026,Blockchain Futurist Conference Toronto 2026
Kyle Guthro,Communication & Business Strategist,GUTHRO Consulting LLC,Toronto 2026,Blockchain Futurist Conference Toronto 2026
Debbie Deer,CEO & Founder,Orion Digital Innovations and Creations Inc.,Toronto 2026,Blockchain Futurist Conference Toronto 2026
Justin Custardo,Founder & Host,W3BC Media,Toronto 2026,Blockchain Futurist Conference Toronto 2026
Dion Degrand,Chief Executive Officer,Rawlinson & Hunter Group of Companies in the Cayman Islands,Toronto 2026,Blockchain Futurist Conference Toronto 2026
Annelise Osborne,Board Advisor / Author,M1X,Toronto 2026,Blockchain Futurist Conference Toronto 2026
Samuel Jacques-Cloutier,Independent Director,Hash Directors,Toronto 2026,Blockchain Futurist Conference Toronto 2026
Michael Bacina,Co-Founder & Attorney-at-law,NXT Law,Toronto 2026,Blockchain Futurist Conference Toronto 2026
Audrey Nesbitt,CEO Spinnovate Tech; Author & VP Strategy and Growth Mansa Musa Minerals,Spinnovate Tech,Toronto 2026,Blockchain Futurist Conference Toronto 2026
Aaron Grinhaus,Founder,Grinhaus Law Firm,Toronto 2026,Blockchain Futurist Conference Toronto 2026
Alix Moghadam,Co-Founder & CEO,Agnic.AI,Toronto 2026,Blockchain Futurist Conference Toronto 2026
Shelley Vaz,Founder & Creative Strategist,CRISP,Toronto 2026,Blockchain Futurist Conference Toronto 2026
Stephen Sargeant,Founder,Airdropd,Toronto 2026,Blockchain Futurist Conference Toronto 2026
Luke B.,COO Secret Network; Marketing Utribe,Secret Network / Utribe,Toronto 2026,Blockchain Futurist Conference Toronto 2026
Danielle Pienaar,Web3 & Blockchain Director,Verdant Management Limited,Toronto 2026,Blockchain Futurist Conference Toronto 2026
Leonard K. Fiadzinu,Co-Founder,Bitcoin Bay Corp,Toronto 2026,Blockchain Futurist Conference Toronto 2026
Yoon Auh,CEO,BOLTS Technologies,Toronto 2026,Blockchain Futurist Conference Toronto 2026
Ece Belgin,Founder,ETHIstanbul,Toronto 2026,Blockchain Futurist Conference Toronto 2026
Deepak Rishi,"Senior Machine Learning Engineer, Tech Lead for Generative AI Products",Axon; Ex Microsoft,Toronto 2026,Blockchain Futurist Conference Toronto 2026
Luke Shim,CFO & Co-Founder,Tokenable,Toronto 2026,Blockchain Futurist Conference Toronto 2026
Dr. Amber D. Scott,Co-Founder & Chairperson,Outlier Compliance Group,Toronto 2026,Blockchain Futurist Conference Toronto 2026
Dr. Guneet Kaur,Senior Editor,Crypto Citizens Network (CCN),Toronto 2026,Blockchain Futurist Conference Toronto 2026
Jerry Qian,Founder & CEO,OPTN Labs,Toronto 2026,Blockchain Futurist Conference Toronto 2026
Justyna Osowska,Founder,Women in Blockchain Canada,Toronto 2026,Blockchain Futurist Conference Toronto 2026
Matthew Glezos,Co-Founder,TorontoDAO & Safemed,Toronto 2026,Blockchain Futurist Conference Toronto 2026
"Marina Flat, PhD",Founder & CEO,Maplewise AI,Toronto 2026,Blockchain Futurist Conference Toronto 2026
Landon Gardner,CEO,Web3 Toronto,Toronto 2026,Blockchain Futurist Conference Toronto 2026
Karin Kusano,President AWIC Texas Chapter,Association for Women in Crypto,Toronto 2026,Blockchain Futurist Conference Toronto 2026
Nick Skovorodnikov,Founder,Evolvy,Toronto 2026,Blockchain Futurist Conference Toronto 2026
Athika Fatima,Founder,OneHeart Protocol,Toronto 2026,Blockchain Futurist Conference Toronto 2026
Mike Mckerracher,Co-Founder,Fountainhead,Toronto 2026,Blockchain Futurist Conference Toronto 2026
Lana Dingwall,Partnerships and Strategic Project Management,Coala Pay,Toronto 2026,Blockchain Futurist Conference Toronto 2026
Jenni Rogers,Co-Founder Shibwomen; Founder Queens of Crypto,Shibwomen / Queens of Crypto,Toronto 2026,Blockchain Futurist Conference Toronto 2026
Roberto Sanabria,Founder,Cryptoducation.com,Toronto 2026,Blockchain Futurist Conference Toronto 2026
Vaishal Shah,Leading Agentic AI Labs,CGI Canada,Toronto 2026,Blockchain Futurist Conference Toronto 2026
Dr. Tyrone Moodley,"Managing Director, Capital Strategy",Migodi-Auric,Toronto 2026,Blockchain Futurist Conference Toronto 2026
Kay Chua Ginsburg,CEO,Ndeipi,Toronto 2026,Blockchain Futurist Conference Toronto 2026
George Melville,AI Researcher,Global Technology Inc.,Toronto 2026,Blockchain Futurist Conference Toronto 2026
Gregory Joseph Caturay,CEO & Founder,Gatsby Gold,Toronto 2026,Blockchain Futurist Conference Toronto 2026
Sydney Csuk,"Brand Development, Co-Founder",Honey Bee Royale / TheBitcoinBarbie Business,Toronto 2026,Blockchain Futurist Conference Toronto 2026
Vitalik Buterin,Founder,Ethereum,Past/Keynote,Blockchain Futurist Conference Toronto 2026
Eric Trump,"Co-Founder, Chief Strategy Officer",American Bitcoin,Past/Keynote,Blockchain Futurist Conference Toronto 2026
Iggy Azalea,Global Music Icon,$MOTHER,Past/Keynote,Blockchain Futurist Conference Toronto 2026
Brock Pierce,Bitcoin Pioneer,,Past/Keynote,Blockchain Futurist Conference Toronto 2026
Tristan Thompson,"NBA Champion, Co-Founder",basketball.fun,Past/Keynote,Blockchain Futurist Conference Toronto 2026
