name,title,company,bio,talk_title,photo_url,twitter,linkedin,event,event_year,source_url,notes
Balaji Srinivasan,Founder,The Network State,,,https://cdn.prod.website-files.com/6756df8f05088bc3e51c64ea/6a3a505a4d24f3f665d3f57a_Speaker-Name-Balaji-Srinivasan.avif,https://x.com/balajis,https://www.linkedin.com/in/balajissrinivasan/,TOKEN2049 Singapore,2026,https://www.token2049.com/singapore/speakers,
Jeff Yan,CEO,Hyperliquid Labs,,,https://cdn.prod.website-files.com/6756df8f05088bc3e51c64ea/6a391d928b0e8ea8faa85d7e_Speaker-Name-Jeff-Yan.avif,https://x.com/chameleon_jeff,,TOKEN2049 Singapore,2026,https://www.token2049.com/singapore/speakers,
Adena Friedman,Chair and CEO,Nasdaq,,,https://cdn.prod.website-files.com/6756df8f05088bc3e51c64ea/6a391d896d13fa9fe9e99b7f_Speaker-Name-Adena-Friedman.avif,,https://www.linkedin.com/in/adenatfriedman/,TOKEN2049 Singapore,2026,https://www.token2049.com/singapore/speakers,
Eric Trump,Executive VP,The Trump Organization,,,https://cdn.prod.website-files.com/6756df8f05088bc3e51c64ea/6a391d8fb1f4c722d3b8eed5_Speaker-Name-Eric-Trump.avif,https://x.com/EricTrump,,TOKEN2049 Singapore,2026,https://www.token2049.com/singapore/speakers,
Arthur Hayes,CIO,Maelstrom,,,https://cdn.prod.website-files.com/6756df8f05088bc3e51c64ea/696dbbe932e0709806b20ed0_Arthur-Hayes.avif,https://x.com/CryptoHayes,https://www.linkedin.com/in/arthur-hayes-b493b42/,TOKEN2049 Singapore,2026,https://www.token2049.com/singapore/speakers,
Haseeb Qureshi,Managing Partner,Dragonfly,,,https://cdn.prod.website-files.com/6756df8f05088bc3e51c64ea/6a3a76cb1becb0a80dda470e_Speaker-Name-Hasseb-Qureshi.avif,https://x.com/hosseeb,https://www.linkedin.com/in/imhaseeb/,TOKEN2049 Singapore,2026,https://www.token2049.com/singapore/speakers,
Richard Teng,Co-CEO,Binance,,,https://cdn.prod.website-files.com/6756df8f05088bc3e51c64ea/6a391d928b0e8ea8faa85d88_Speaker-Name-Richard-Teng.avif,https://x.com/_RichardTeng,https://ae.linkedin.com/in/richardtengofficial,TOKEN2049 Singapore,2026,https://www.token2049.com/singapore/speakers,
Guy Wuollet,General Partner,a16z crypto,,,https://cdn.prod.website-files.com/6756df8f05088bc3e51c64ea/6a391d8fb1f4c722d3b8eee1_Speaker-Name-Guy-Wuollet.avif,https://x.com/guywuolletjr,,TOKEN2049 Singapore,2026,https://www.token2049.com/singapore/speakers,
Jenny Johnson,CEO,Franklin Templeton,,,https://cdn.prod.website-files.com/6756df8f05088bc3e51c64ea/6a391d928b0e8ea8faa85d94_Speaker-Name-Jenny-Johnson.avif,,https://www.linkedin.com/in/jennyjohnsonfranklintempleton/,TOKEN2049 Singapore,2026,https://www.token2049.com/singapore/speakers,
Amy Oldenburg,Head of Digital Asset Strategy,Morgan Stanley,,,https://cdn.prod.website-files.com/6756df8f05088bc3e51c64ea/6a391d8fb1f4c722d3b8eee7_Speaker-Name-Amy-Oldenburg.avif,,https://www.linkedin.com/in/amyoldenburg/,TOKEN2049 Singapore,2026,https://www.token2049.com/singapore/speakers,
Zoltan Pozsar,Founder and CEO,Ex Uno Plures,,,https://cdn.prod.website-files.com/6756df8f05088bc3e51c64ea/6a3a506e985cd011b8e67b87_Speaker-Name-Zoltan-Pozsar.avif,,,TOKEN2049 Singapore,2026,https://www.token2049.com/singapore/speakers,
Charles Hoskinson,Founder and CEO,Input Output Group,,,https://cdn.prod.website-files.com/6756df8f05088bc3e51c64ea/6a391d896d13fa9fe9e99b91_Speaker-Name-Charles-Hoskinson.avif,https://x.com/iohk_Charles,,TOKEN2049 Singapore,2026,https://www.token2049.com/singapore/speakers,
Rob Hadick,General Partner,Dragonfly,,,https://cdn.prod.website-files.com/6756df8f05088bc3e51c64ea/6a391d896d13fa9fe9e99b97_Speaker-Name-Rob-Hadick.avif,https://x.com/hadickm,,TOKEN2049 Singapore,2026,https://www.token2049.com/singapore/speakers,
Michael Egorov,Founder,Curve Finance,,,https://cdn.prod.website-files.com/6756df8f05088bc3e51c64ea/6a391d9957ca80377edd3704_Speaker-Name-Michael-Egorov.avif,https://x.com/newmichwill,https://www.linkedin.com/in/michael-egorov/,TOKEN2049 Singapore,2026,https://www.token2049.com/singapore/speakers,
Tarun Chitra,Co-Founder and CEO,Gauntlet,,,https://cdn.prod.website-files.com/6756df8f05088bc3e51c64ea/6a391d8fb1f4c722d3b8eee4_Speaker-Name-Tarun-Chitra.avif,https://x.com/tarunchitra,https://www.linkedin.com/in/tarunchitra,TOKEN2049 Singapore,2026,https://www.token2049.com/singapore/speakers,
Keone Hon,Co-Founder,Monad Foundation,,,https://cdn.prod.website-files.com/6756df8f05088bc3e51c64ea/6a391d896d13fa9fe9e99b8c_Speaker-Name-Keone-hon.avif,https://x.com/keonehd,https://www.linkedin.com/in/keone-hon/,TOKEN2049 Singapore,2026,https://www.token2049.com/singapore/speakers,
John Wang,Head of Crypto,Kalshi,,,https://cdn.prod.website-files.com/6756df8f05088bc3e51c64ea/6a391d9aa89f5ba2335fbb52_Speaker-Name-John-Wang.avif,https://x.com/j0hnwang,https://www.linkedin.com/in/j0hnwang/,TOKEN2049 Singapore,2026,https://www.token2049.com/singapore/speakers,
Jordi Alexander,Founder,Selini Capital,,,https://cdn.prod.website-files.com/6756df8f05088bc3e51c64ea/6a391d928b0e8ea8faa85d8e_Speaker-Name-Jordi-Alexander.avif,https://x.com/gametheorizing,,TOKEN2049 Singapore,2026,https://www.token2049.com/singapore/speakers,
TN Lee,CEO,Pendle,,,https://cdn.prod.website-files.com/6756df8f05088bc3e51c64ea/6a391d928b0e8ea8faa85d78_Speaker-Name-TN.avif,https://x.com/tn_pendle,,TOKEN2049 Singapore,2026,https://www.token2049.com/singapore/speakers,
Santiago Roel Santos,Founder and CEO,Inversion,,,https://cdn.prod.website-files.com/6756df8f05088bc3e51c64ea/6a391d9aa89f5ba2335fbb68_Speaker-Name-Santiago-Roel-Santos.avif,https://x.com/santiagoroel,https://www.linkedin.com/in/santiago-rs/,TOKEN2049 Singapore,2026,https://www.token2049.com/singapore/speakers,
Richard Galvin,Executive Chairman and CIO,DACM,,,https://cdn.prod.website-files.com/6756df8f05088bc3e51c64ea/6a391d896d13fa9fe9e99b85_Speaker-Name-Richard-Galvin.avif,https://x.com/richwgalvin,https://www.linkedin.com/in/richard-galvin-b336808/,TOKEN2049 Singapore,2026,https://www.token2049.com/singapore/speakers,
Joseph Chalom,CEO,Sharplink,,,https://cdn.prod.website-files.com/6756df8f05088bc3e51c64ea/6a391d896d13fa9fe9e99b94_Speaker-Name-Joseph-Chalom.avif,https://x.com/joechalom,https://www.linkedin.com/in/josephchalom/,TOKEN2049 Singapore,2026,https://www.token2049.com/singapore/speakers,
Alexander Good,Founder,Post Fiat,,,https://cdn.prod.website-files.com/6756df8f05088bc3e51c64ea/6a3a50554d24f3f665d3f1aa_Speaker-Name-Alexander-Good.avif,https://x.com/goodalexander,,TOKEN2049 Singapore,2026,https://www.token2049.com/singapore/speakers,
Carlos Domingo,Co-Founder and CEO,Securitize,,,https://cdn.prod.website-files.com/6756df8f05088bc3e51c64ea/6a391d8fb1f4c722d3b8eede_Speaker-Name-Carlos-Domingo.avif,https://x.com/carlosdomingo,https://www.linkedin.com/in/carlosdomingo/,TOKEN2049 Singapore,2026,https://www.token2049.com/singapore/speakers,
Shuyao Kong,Co-Founder,MegaETH,,,https://cdn.prod.website-files.com/6756df8f05088bc3e51c64ea/6a391d8fb1f4c722d3b8eedb_Speaker-Name-Shuyao-Kong.avif,https://x.com/hotpot_dao,https://www.linkedin.com/in/shuyao-kong/,TOKEN2049 Singapore,2026,https://www.token2049.com/singapore/speakers,
Raz Zarick,Co-Founder and CEO,LayerZero,,,https://cdn.prod.website-files.com/6756df8f05088bc3e51c64ea/6a3a76d61c30cd1adfdac011_Speaker-Name-Raz-Zarick.avif,https://x.com/ryanzarick,https://www.linkedin.com/in/ryanzarick/,TOKEN2049 Singapore,2026,https://www.token2049.com/singapore/speakers,
Charles Cascarilla,Co-Founder and CEO,Paxos,,,https://cdn.prod.website-files.com/6756df8f05088bc3e51c64ea/6a391d896d13fa9fe9e99b9d_Speaker-Name-Charles-Cascarilla.avif,https://x.com/chadcascarilla,https://www.linkedin.com/in/charlescascarilla/,TOKEN2049 Singapore,2026,https://www.token2049.com/singapore/speakers,
Vladimir Novakovski,Founder and CEO,Lighter,,,https://cdn.prod.website-files.com/6756df8f05088bc3e51c64ea/6a391d896d13fa9fe9e99b7c_Speaker-Name-Vladimir-Novakovski.avif,https://x.com/vnovakovski,www.linkedin.com/in/vnovakovski/,TOKEN2049 Singapore,2026,https://www.token2049.com/singapore/speakers,
Shiliang Tang,CEO,Monarq Asset Management,,,https://cdn.prod.website-files.com/6756df8f05088bc3e51c64ea/6a391d9ba89f5ba2335fbb87_Speaker-Name-Shiliang-Tang.avif,https://x.com/shiliangtang,https://www.linkedin.com/in/shiliangtang/,TOKEN2049 Singapore,2026,https://www.token2049.com/singapore/speakers,
Austin Federa,Co-Founder and CEO,DoubleZero,,,https://cdn.prod.website-files.com/6756df8f05088bc3e51c64ea/6a391d9aa89f5ba2335fbb6b_Speaker-Name-Austin-Federa.avif,https://x.com/austin_federa,https://www.linkedin.com/in/austin_federa,TOKEN2049 Singapore,2026,https://www.token2049.com/singapore/speakers,
Bobby Ong,Co-Founder and CEO,Coingecko,,,https://cdn.prod.website-files.com/6756df8f05088bc3e51c64ea/6a391d8fb1f4c722d3b8eecf_Speaker-Name-Bobby-Ong.avif,https://x.com/bobbyong,https://www.linkedin.com/in/bobbyongce/,TOKEN2049 Singapore,2026,https://www.token2049.com/singapore/speakers,
Steven Goldfeder,Co-Founder and CEO,Offchain Labs,,,https://cdn.prod.website-files.com/6756df8f05088bc3e51c64ea/6a391d9aa89f5ba2335fbb73_Speaker-Name-Steven-Goldfeder.avif,https://x.com/sgoldfed,linkedin.com/in/sgoldfed,TOKEN2049 Singapore,2026,https://www.token2049.com/singapore/speakers,
Mike Horton,Project Creator,GEODNET,,,https://cdn.prod.website-files.com/6756df8f05088bc3e51c64ea/6a391d896d13fa9fe9e99b77_Speaker-Name-Mike-Horton.avif,https://x.com/mikeahorton,https://www.linkedin.com/in/mikeahorton,TOKEN2049 Singapore,2026,https://www.token2049.com/singapore/speakers,
Tom Schmidt,General Partner,Dragonfly,,,https://cdn.prod.website-files.com/6756df8f05088bc3e51c64ea/6a391d8fb1f4c722d3b8eeca_Speaker-Name-Tom-Schmidt.avif,https://x.com/tomhschmidt,,TOKEN2049 Singapore,2026,https://www.token2049.com/singapore/speakers,
Lucas Bruder,Co-Founder and CEO,Jito Labs,,,https://cdn.prod.website-files.com/6756df8f05088bc3e51c64ea/6a391d9aa89f5ba2335fbb70_Speaker-Name-Lucas-Bruder.avif,https://x.com/buffalu__,https://www.linkedin.com/in/lucasbruder/,TOKEN2049 Singapore,2026,https://www.token2049.com/singapore/speakers,
Nikil Vaswanathan,Co-Founder and CEO,Alchemy,,,https://cdn.prod.website-files.com/6756df8f05088bc3e51c64ea/6a391d928b0e8ea8faa85d82_Speaker-Name-Nikil-Vaswanathan.avif,https://x.com/nikil,https://www.linkedin.com/in/nikilster/,TOKEN2049 Singapore,2026,https://www.token2049.com/singapore/speakers,
Johann Kerbrat,"SVP and GM, Crypto and International",Robinhood,,,https://cdn.prod.website-files.com/6756df8f05088bc3e51c64ea/6a391d928b0e8ea8faa85d8b_Speaker-Name-Johann-Kerbrat.avif,https://x.com/JohannKerbrat,https://www.linkedin.com/in/johann-kerbrat-a19389b/,TOKEN2049 Singapore,2026,https://www.token2049.com/singapore/speakers,
Irene Wu,Angel Investor,,,,https://cdn.prod.website-files.com/6756df8f05088bc3e51c64ea/6a391d928b0e8ea8faa85d97_Speaker-Name-Irene-Wu.avif,https://x.com/irenewu27,https://www.linkedin.com/in/irenehelenw/,TOKEN2049 Singapore,2026,https://www.token2049.com/singapore/speakers,
Kelvin Koh,Co-Founder and Partner,Spartan Group,,,https://cdn.prod.website-files.com/6756df8f05088bc3e51c64ea/6a3a505a4d24f3f665d3f563_Speaker-Name-Kelvin-Koh.avif,https://x.com/SpartanBlack_1,https://www.linkedin.com/in/kelvin-koh-b22278/,TOKEN2049 Singapore,2026,https://www.token2049.com/singapore/speakers,
Will Robinson,Partner,Alliance,,,https://cdn.prod.website-files.com/6756df8f05088bc3e51c64ea/6a391d9aa89f5ba2335fbb5f_Speaker-Name-Will-Robinson.avif,https://x.com/Dangerwillrobin,https://www.linkedin.com/in/Wbarobinson,TOKEN2049 Singapore,2026,https://www.token2049.com/singapore/speakers,
Andy Cavanaugh,Co-Founder,The Rollup,,,https://cdn.prod.website-files.com/6756df8f05088bc3e51c64ea/6a391d9aa89f5ba2335fbb48_Speaker-Name-Andy-Cavanaugh.avif,https://x.com/andyyy,https://www.linkedin.com/in/andy-c123,TOKEN2049 Singapore,2026,https://www.token2049.com/singapore/speakers,
Josh Lim,Global Head of Markets,FalconX,,,https://cdn.prod.website-files.com/6756df8f05088bc3e51c64ea/6a391d928b0e8ea8faa85d85_Speaker-Name-Josh-Lim.avif,https://x.com/joshua_j_lim,https://www.linkedin.com/in/joshua-lim-1b27098/,TOKEN2049 Singapore,2026,https://www.token2049.com/singapore/speakers,
Ran Neuner,Founder,Crypto Banter,,,https://cdn.prod.website-files.com/6756df8f05088bc3e51c64ea/6a391d928b0e8ea8faa85d91_Speaker-Name-Ran-Neuner.avif,https://x.com/cryptomanran,https://www.linkedin.com/in/ran-neuner/,TOKEN2049 Singapore,2026,https://www.token2049.com/singapore/speakers,
Yat Siu,Co-Founder and Executive Chairman,Animoca Brands,,,https://cdn.prod.website-files.com/6756df8f05088bc3e51c64ea/6a391d27b5f7905ebe9d2ca3_Speaker-Name-Yat-Siu.avif,https://x.com/ysiu,https://hk.linkedin.com/in/yatsiu,TOKEN2049 Singapore,2026,https://www.token2049.com/singapore/speakers,
Lasse Clausen,Founding Partner,1kx,,,https://cdn.prod.website-files.com/6756df8f05088bc3e51c64ea/6a391d896d13fa9fe9e99b88_Speaker-Name-Lasse-Clausen.avif,https://x.com/lalleclausen,https://www.linkedin.com/in/lasseclausen,TOKEN2049 Singapore,2026,https://www.token2049.com/singapore/speakers,
Arthur Breitman,Co-Founder,Tezos,,,https://cdn.prod.website-files.com/6756df8f05088bc3e51c64ea/6a391d8fb1f4c722d3b8eed8_Speaker-Name-Arthur-Breitman.avif,https://x.com/ArthurB,,TOKEN2049 Singapore,2026,https://www.token2049.com/singapore/speakers,
Sandeep Nailwal,CEO,Polygon Foundation,,,https://cdn.prod.website-files.com/6756df8f05088bc3e51c64ea/6a3a50649bf0959e062ea4f3_Speaker-Name-Sandeep-Naliwal.avif,https://x.com/sandeepnailwal,https://www.linkedin.com/in/sandeep-nailwal-60709a33/?isSelfProfile=false,TOKEN2049 Singapore,2026,https://www.token2049.com/singapore/speakers,
Tristan Thompson,NBA Champion,,,,https://cdn.prod.website-files.com/6756df8f05088bc3e51c64ea/6a3a50649bf0959e062ea4f6_Speaker-Name-Tristan-Thompson.avif,https://x.com/TThompson?lang=en,,TOKEN2049 Singapore,2026,https://www.token2049.com/singapore/speakers,
Donald Trump Jr.,,World Liberty Financial,,,https://cdn.prod.website-files.com/6756df8f05088bc3e51c64c0/6971ab95f78228ab54b2689c_Trump%20JS%20Speaker.avif,,,TOKEN2049 Singapore,2026,https://www.token2049.com/singapore/speakers,Featured in CTA banner (not in main speaker grid)
